date,price,risk,source
2020-01-01,7200.85,0.3254,binance
2020-01-02,6965.71,0.3318,binance
2020-01-03,7344.96,0.3236,binance
2020-01-04,7354.11,0.3236,binance
2020-01-05,7358.75,0.3237,binance
2020-01-06,7758.0,0.3247,binance
2020-01-07,8145.28,0.3351,binance
2020-01-08,8055.98,0.3316,binance
2020-01-09,7817.76,0.3253,binance
2020-01-10,8197.02,0.3359,binance
2020-01-11,8020.01,0.3295,binance
2020-01-12,8184.98,0.3347,binance
2020-01-13,8110.34,0.3317,binance
2020-01-14,8810.01,0.364,binance
2020-01-15,8821.41,0.364,binance
2020-01-16,8720.01,0.3577,binance
2020-01-17,8913.28,0.368,binance
2020-01-18,8915.96,0.3675,binance
2020-01-19,8701.7,0.3549,binance
2020-01-20,8642.35,0.3513,binance
2020-01-21,8736.03,0.3555,binance
2020-01-22,8682.36,0.3522,binance
2020-01-23,8404.52,0.3386,binance
2020-01-24,8439.0,0.3396,binance
2020-01-25,8340.58,0.3353,binance
2020-01-26,8615.0,0.3466,binance
2020-01-27,8907.57,0.3612,binance
2020-01-28,9374.21,0.3877,binance
2020-01-29,9301.53,0.3826,binance
2020-01-30,9513.21,0.3945,binance
2020-01-31,9352.89,0.3842,binance
2020-02-01,9384.61,0.3854,binance
2020-02-02,9331.51,0.3816,binance
2020-02-03,9292.24,0.3785,binance
2020-02-04,9197.02,0.3723,binance
2020-02-05,9612.04,0.3961,binance
2020-02-06,9772.0,0.4047,binance
2020-02-07,9813.73,0.4064,binance
2020-02-08,9895.05,0.4104,binance
2020-02-09,10151.75,0.4241,binance
2020-02-10,9851.83,0.4065,binance
2020-02-11,10223.08,0.4266,binance
2020-02-12,10326.46,0.4314,binance
2020-02-13,10229.63,0.4256,binance
2020-02-14,10344.36,0.431,binance
2020-02-15,9904.72,0.4059,binance
2020-02-16,9917.27,0.4059,binance
2020-02-17,9706.0,0.3929,binance
2020-02-18,10164.71,0.4184,binance
2020-02-19,9593.79,0.3849,binance
2020-02-20,9596.42,0.3844,binance
2020-02-21,9677.05,0.3883,binance
2020-02-22,9650.86,0.3861,binance
2020-02-23,9936.4,0.4018,binance
2020-02-24,9656.13,0.385,binance
2020-02-25,9315.84,0.3651,binance
2020-02-26,8785.25,0.339,binance
2020-02-27,8823.21,0.34,binance
2020-02-28,8692.91,0.3347,binance
2020-02-29,8523.61,0.3291,binance
2020-03-01,8531.88,0.3291,binance
2020-03-02,8915.24,0.342,binance
2020-03-03,8760.07,0.3355,binance
2020-03-04,8750.87,0.3348,binance
2020-03-05,9054.68,0.3466,binance
2020-03-06,9131.88,0.3497,binance
2020-03-07,8886.66,0.3385,binance
2020-03-08,8033.31,0.3232,binance
2020-03-09,7929.87,0.3243,binance
2020-03-10,7894.56,0.325,binance
2020-03-11,7934.52,0.3245,binance
2020-03-12,4800.0,0,binance
2020-03-13,5578.6,0,binance
2020-03-14,5172.06,0,binance
2020-03-15,5361.3,0,binance
2020-03-16,5028.97,0,binance
2020-03-17,5312.64,0,binance
2020-03-18,5393.04,0,binance
2020-03-19,6162.37,0.2099,binance
2020-03-20,6208.36,0.2268,binance
2020-03-21,6186.98,0.214,binance
2020-03-22,5816.19,0,binance
2020-03-23,6467.31,0.3001,binance
2020-03-24,6744.72,0.3382,binance
2020-03-25,6677.43,0.331,binance
2020-03-26,6737.36,0.3362,binance
2020-03-27,6359.11,0.2622,binance
2020-03-28,6236.65,0.2117,binance
2020-03-29,5881.42,0,binance
2020-03-30,6394.38,0.2658,binance
2020-03-31,6410.44,0.2683,binance
2020-04-01,6642.92,0.3188,binance
2020-04-02,6794.09,0.3359,binance
2020-04-03,6734.1,0.3289,binance
2020-04-04,6856.99,0.3395,binance
2020-04-05,6772.78,0.3313,binance
2020-04-06,7329.9,0.347,binance
2020-04-07,7197.32,0.3486,binance
2020-04-08,7361.28,0.3468,binance
2020-04-09,7283.54,0.3482,binance
2020-04-10,6858.92,0.3355,binance
2020-04-11,6876.83,0.3364,binance
2020-04-12,6903.79,0.3379,binance
2020-04-13,6837.91,0.3309,binance
2020-04-14,6868.7,0.3332,binance
2020-04-15,6621.24,0.292,binance
2020-04-16,7101.94,0.3464,binance
2020-04-17,7027.55,0.3431,binance
2020-04-18,7248.6,0.3486,binance
2020-04-19,7120.74,0.3462,binance
2020-04-20,6826.83,0.3222,binance
2020-04-21,6841.37,0.323,binance
2020-04-22,7125.14,0.3455,binance
2020-04-23,7482.39,0.3472,binance
2020-04-24,7505.0,0.3469,binance
2020-04-25,7538.67,0.3464,binance
2020-04-26,7693.1,0.3427,binance
2020-04-27,7774.62,0.3406,binance
2020-04-28,7738.98,0.3419,binance
2020-04-29,8778.57,0.323,binance
2020-04-30,8620.0,0.323,binance
2020-05-01,8826.96,0.3231,binance
2020-05-02,8972.05,0.3243,binance
2020-05-03,8894.16,0.3234,binance
2020-05-04,8871.96,0.3232,binance
2020-05-05,9021.83,0.3246,binance
2020-05-06,9142.92,0.3263,binance
2020-05-07,9986.4,0.3548,binance
2020-05-08,9800.01,0.3461,binance
2020-05-09,9539.4,0.3358,binance
2020-05-10,8722.77,0.323,binance
2020-05-11,8561.52,0.3245,binance
2020-05-12,8810.79,0.3228,binance
2020-05-13,9309.37,0.3281,binance
2020-05-14,9791.98,0.3428,binance
2020-05-15,9316.42,0.3277,binance
2020-05-16,9381.27,0.3289,binance
2020-05-17,9680.04,0.3373,binance
2020-05-18,9733.93,0.3388,binance
2020-05-19,9775.53,0.3399,binance
2020-05-20,9511.43,0.331,binance
2020-05-21,9068.65,0.3232,binance
2020-05-22,9170.0,0.324,binance
2020-05-23,9179.15,0.324,binance
2020-05-24,8720.34,0.3243,binance
2020-05-25,8900.35,0.323,binance
2020-05-26,8841.18,0.3233,binance
2020-05-27,9204.07,0.3238,binance
2020-05-28,9575.89,0.3302,binance
2020-05-29,9427.07,0.3266,binance
2020-05-30,9697.72,0.3329,binance
2020-05-31,9448.27,0.3266,binance
2020-06-01,10200.77,0.3504,binance
2020-06-02,9518.04,0.3275,binance
2020-06-03,9666.24,0.3307,binance
2020-06-04,9789.06,0.3338,binance
2020-06-05,9621.16,0.329,binance
2020-06-06,9666.3,0.3298,binance
2020-06-07,9746.99,0.3316,binance
2020-06-08,9782.01,0.3322,binance
2020-06-09,9772.43,0.3316,binance
2020-06-10,9885.0,0.3345,binance
2020-06-11,9280.4,0.3231,binance
2020-06-12,9465.13,0.3246,binance
2020-06-13,9473.34,0.3246,binance
2020-06-14,9342.1,0.3232,binance
2020-06-15,9426.02,0.3238,binance
2020-06-16,9525.59,0.3248,binance
2020-06-17,9465.14,0.324,binance
2020-06-18,9386.32,0.3233,binance
2020-06-19,9310.23,0.3228,binance
2020-06-20,9358.95,0.323,binance
2020-06-21,9294.69,0.3228,binance
2020-06-22,9685.69,0.3262,binance
2020-06-23,9624.89,0.325,binance
2020-06-24,9296.49,0.3228,binance
2020-06-25,9249.49,0.323,binance
2020-06-26,9162.21,0.3236,binance
2020-06-27,9012.0,0.3254,binance
2020-06-28,9116.35,0.3242,binance
2020-06-29,9192.56,0.3235,binance
2020-06-30,9138.55,0.3242,binance
2020-07-01,9232.0,0.3234,binance
2020-07-02,9086.54,0.3251,binance
2020-07-03,9058.26,0.3257,binance
2020-07-04,9135.46,0.3248,binance
2020-07-05,9069.41,0.3259,binance
2020-07-06,9344.2,0.3231,binance
2020-07-07,9257.39,0.3238,binance
2020-07-08,9436.06,0.3228,binance
2020-07-09,9232.43,0.3243,binance
2020-07-10,9288.34,0.3238,binance
2020-07-11,9234.03,0.3245,binance
2020-07-12,9302.75,0.3239,binance
2020-07-13,9242.62,0.3247,binance
2020-07-14,9255.85,0.3247,binance
2020-07-15,9197.6,0.3256,binance
2020-07-16,9133.72,0.3269,binance
2020-07-17,9154.32,0.3267,binance
2020-07-18,9170.28,0.3267,binance
2020-07-19,9208.99,0.3262,binance
2020-07-20,9160.78,0.3272,binance
2020-07-21,9390.0,0.324,binance
2020-07-22,9518.16,0.3231,binance
2020-07-23,9603.27,0.3228,binance
2020-07-24,9537.8,0.3232,binance
2020-07-25,9700.42,0.3228,binance
2020-07-26,9931.54,0.324,binance
2020-07-27,11029.96,0.3545,binance
2020-07-28,10906.27,0.3489,binance
2020-07-29,11100.53,0.3563,binance
2020-07-30,11099.61,0.3557,binance
2020-07-31,11335.46,0.3653,binance
2020-08-01,11801.17,0.3863,binance
2020-08-02,11071.35,0.3528,binance
2020-08-03,11219.81,0.3585,binance
2020-08-04,11191.97,0.3567,binance
2020-08-05,11744.91,0.3809,binance
2020-08-06,11762.46,0.3811,binance
2020-08-07,11594.23,0.3726,binance
2020-08-08,11761.41,0.3797,binance
2020-08-09,11681.68,0.3753,binance
2020-08-10,11892.92,0.3845,binance
2020-08-11,11392.08,0.3611,binance
2020-08-12,11564.33,0.3681,binance
2020-08-13,11780.0,0.3772,binance
2020-08-14,11760.54,0.3757,binance
2020-08-15,11852.4,0.3792,binance
2020-08-16,11911.0,0.3813,binance
2020-08-17,12281.13,0.3977,binance
2020-08-18,11945.01,0.3815,binance
2020-08-19,11754.59,0.3721,binance
2020-08-20,11853.55,0.376,binance
2020-08-21,11531.34,0.3611,binance
2020-08-22,11662.96,0.3662,binance
2020-08-23,11648.13,0.3649,binance
2020-08-24,11748.2,0.3687,binance
2020-08-25,11318.42,0.3502,binance
2020-08-26,11461.43,0.3553,binance
2020-08-27,11330.38,0.3496,binance
2020-08-28,11526.91,0.3568,binance
2020-08-29,11465.84,0.3537,binance
2020-08-30,11711.16,0.3634,binance
2020-08-31,11649.51,0.3601,binance
2020-09-01,11921.97,0.3713,binance
2020-09-02,11388.54,0.3487,binance
2020-09-03,10140.85,0.3228,binance
2020-09-04,10446.25,0.3242,binance
2020-09-05,10166.69,0.3228,binance
2020-09-06,10256.2,0.3229,binance
2020-09-07,10373.44,0.3232,binance
2020-09-08,10126.65,0.323,binance
2020-09-09,10219.2,0.3228,binance
2020-09-10,10336.87,0.3229,binance
2020-09-11,10387.89,0.3231,binance
2020-09-12,10440.92,0.3233,binance
2020-09-13,10332.83,0.3228,binance
2020-09-14,10671.77,0.3253,binance
2020-09-15,10785.31,0.3268,binance
2020-09-16,10954.01,0.3298,binance
2020-09-17,10939.99,0.3292,binance
2020-09-18,10933.39,0.3288,binance
2020-09-19,11080.65,0.3318,binance
2020-09-20,10920.28,0.3281,binance
2020-09-21,10417.22,0.3228,binance
2020-09-22,10529.61,0.3231,binance
2020-09-23,10241.46,0.3233,binance
2020-09-24,10736.32,0.3245,binance
2020-09-25,10686.67,0.3239,binance
2020-09-26,10728.6,0.3241,binance
2020-09-27,10774.25,0.3245,binance
2020-09-28,10696.12,0.3237,binance
2020-09-29,10840.48,0.3249,binance
2020-09-30,10776.59,0.3242,binance
2020-10-01,10619.13,0.323,binance
2020-10-02,10570.4,0.3228,binance
2020-10-03,10542.06,0.3228,binance
2020-10-04,10666.63,0.323,binance
2020-10-05,10792.21,0.3237,binance
2020-10-06,10599.66,0.3228,binance
2020-10-07,10666.39,0.3229,binance
2020-10-08,10925.57,0.3246,binance
2020-10-09,11050.64,0.326,binance
2020-10-10,11293.22,0.3302,binance
2020-10-11,11369.02,0.3316,binance
2020-10-12,11528.25,0.3352,binance
2020-10-13,11420.56,0.3322,binance
2020-10-14,11417.89,0.3318,binance
2020-10-15,11505.12,0.3335,binance
2020-10-16,11319.32,0.329,binance
2020-10-17,11360.2,0.3296,binance
2020-10-18,11503.14,0.3325,binance
2020-10-19,11751.47,0.3388,binance
2020-10-20,11909.99,0.3433,binance
2020-10-21,12780.96,0.3762,binance
2020-10-22,12968.52,0.3835,binance
2020-10-23,12923.07,0.3809,binance
2020-10-24,13111.73,0.3883,binance
2020-10-25,13028.83,0.3841,binance
2020-10-26,13052.19,0.3844,binance
2020-10-27,13636.17,0.4085,binance
2020-10-28,13266.4,0.3922,binance
2020-10-29,13455.7,0.3995,binance
2020-10-30,13560.1,0.4033,binance
2020-10-31,13791.0,0.4122,binance
2020-11-01,13761.5,0.4104,binance
2020-11-02,13549.37,0.4007,binance
2020-11-03,14023.53,0.4197,binance
2020-11-04,14144.01,0.4238,binance
2020-11-05,15590.02,0.4715,binance
2020-11-06,15579.92,0.4707,binance
2020-11-07,14818.3,0.4467,binance
2020-11-08,15475.1,0.4668,binance
2020-11-09,15328.41,0.4619,binance
2020-11-10,15297.21,0.4605,binance
2020-11-11,15684.24,0.471,binance
2020-11-12,16291.86,0.4853,binance
2020-11-13,16320.7,0.4855,binance
2020-11-14,16070.45,0.4794,binance
2020-11-15,15957.0,0.4761,binance
2020-11-16,16713.57,0.4924,binance
2020-11-17,17659.38,0.5081,binance
2020-11-18,17776.12,0.5094,binance
2020-11-19,17802.82,0.5096,binance
2020-11-20,18655.67,0.5215,binance
2020-11-21,18703.8,0.5219,binance
2020-11-22,18414.43,0.5174,binance
2020-11-23,18368.0,0.5165,binance
2020-11-24,19160.01,0.5276,binance
2020-11-25,18719.11,0.5208,binance
2020-11-26,17149.47,0.4967,binance
2020-11-27,17139.52,0.4962,binance
2020-11-28,17719.85,0.5054,binance
2020-11-29,18184.99,0.512,binance
2020-11-30,19695.87,0.5338,binance
2020-12-01,18764.96,0.5195,binance
2020-12-02,19204.09,0.5255,binance
2020-12-03,19421.9,0.5284,binance
2020-12-04,18650.52,0.517,binance
2020-12-05,19147.66,0.5237,binance
2020-12-06,19359.4,0.5264,binance
2020-12-07,19166.9,0.5233,binance
2020-12-08,18324.11,0.5112,binance
2020-12-09,18541.28,0.514,binance
2020-12-10,18254.63,0.5096,binance
2020-12-11,18036.53,0.5061,binance
2020-12-12,18808.69,0.5167,binance
2020-12-13,19174.99,0.5215,binance
2020-12-14,19273.14,0.5226,binance
2020-12-15,19426.43,0.5244,binance
2020-12-16,21335.52,0.5582,binance
2020-12-17,22797.16,0.5991,binance
2020-12-18,23107.39,0.609,binance
2020-12-19,23821.61,0.6356,binance
2020-12-20,23455.52,0.6199,binance
2020-12-21,22719.71,0.593,binance
2020-12-22,23810.79,0.6317,binance
2020-12-23,23232.76,0.6086,binance
2020-12-24,23729.2,0.6263,binance
2020-12-25,24712.47,0.6667,binance
2020-12-26,26493.39,0.7512,binance
2020-12-27,26281.66,0.7391,binance
2020-12-28,27079.41,0.7767,binance
2020-12-29,27385.0,0.7898,binance
2020-12-30,28875.54,0.8507,binance
2020-12-31,28923.63,0.8512,binance
2021-01-01,29331.69,0.863,binance
2021-01-02,32178.33,0.8595,binance
2021-01-03,33000.05,0.8162,binance
2021-01-04,31988.71,0.8692,binance
2021-01-05,33949.53,0.7383,binance
2021-01-06,36769.36,0.2216,binance
2021-01-07,39432.28,0,binance
2021-01-08,40582.81,0,binance
2021-01-09,40088.22,0,binance
2021-01-10,38150.02,0,binance
2021-01-11,35404.47,0.5695,binance
2021-01-12,34051.24,0.7569,binance
2021-01-13,37371.38,0.1379,binance
2021-01-14,39144.5,0,binance
2021-01-15,36742.22,0.3289,binance
2021-01-16,35994.98,0.5003,binance
2021-01-17,35828.61,0.5391,binance
2021-01-18,36631.27,0.3851,binance
2021-01-19,35891.49,0.543,binance
2021-01-20,35468.23,0.6199,binance
2021-01-21,30850.13,0.8809,binance
2021-01-22,32945.17,0.8595,binance
2021-01-23,32078.0,0.8828,binance
2021-01-24,32259.9,0.8808,binance
2021-01-25,32254.2,0.8815,binance
2021-01-26,32467.77,0.8783,binance
2021-01-27,30366.15,0.8664,binance
2021-01-28,33364.86,0.8516,binance
2021-01-29,34252.2,0.7996,binance
2021-01-30,34262.88,0.8018,binance
2021-01-31,33092.98,0.8668,binance
2021-02-01,33526.37,0.8513,binance
2021-02-02,35466.24,0.6947,binance
2021-02-03,37618.87,0.3175,binance
2021-02-04,36936.66,0.4753,binance
2021-02-05,38290.24,0.1672,binance
2021-02-06,39186.94,0,binance
2021-02-07,38795.69,0.0464,binance
2021-02-08,46374.87,0,binance
2021-02-09,46420.42,0,binance
2021-02-10,44807.58,0,binance
2021-02-11,47969.51,0,binance
2021-02-12,47287.6,0,binance
2021-02-13,47153.69,0,binance
2021-02-14,48577.79,0,binance
2021-02-15,47911.1,0,binance
2021-02-16,49133.45,0,binance
2021-02-17,52119.71,0,binance
2021-02-18,51552.6,0,binance
2021-02-19,55906.0,0,binance
2021-02-20,55841.19,0,binance
2021-02-21,57408.57,0,binance
2021-02-22,54087.67,0,binance
2021-02-23,48891.0,0,binance
2021-02-24,49676.2,0,binance
2021-02-25,47073.73,0,binance
2021-02-26,46276.87,0,binance
2021-02-27,46106.43,0,binance
2021-02-28,45135.66,0,binance
2021-03-01,49587.03,0,binance
2021-03-02,48440.65,0,binance
2021-03-03,50349.37,0,binance
2021-03-04,48374.09,0,binance
2021-03-05,48751.71,0,binance
2021-03-06,48882.2,0,binance
2021-03-07,50971.75,0,binance
2021-03-08,52375.17,0,binance
2021-03-09,54884.5,0,binance
2021-03-10,55851.59,0,binance
2021-03-11,57773.16,0,binance
2021-03-12,57221.72,0,binance
2021-03-13,61188.39,0,binance
2021-03-14,58968.31,0,binance
2021-03-15,55605.2,0,binance
2021-03-16,56900.75,0,binance
2021-03-17,58912.97,0,binance
2021-03-18,57648.16,0,binance
2021-03-19,58030.01,0,binance
2021-03-20,58102.28,0,binance
2021-03-21,57351.56,0,binance
2021-03-22,54083.25,0,binance
2021-03-23,54340.89,0,binance
2021-03-24,52303.65,0,binance
2021-03-25,51293.78,0,binance
2021-03-26,55025.59,0,binance
2021-03-27,55817.14,0,binance
2021-03-28,55777.63,0,binance
2021-03-29,57635.47,0,binance
2021-03-30,58746.57,0,binance
2021-03-31,58740.55,0,binance
2021-04-01,58720.44,0,binance
2021-04-02,58950.01,0,binance
2021-04-03,57051.94,0,binance
2021-04-04,58202.01,0,binance
2021-04-05,59129.99,0,binance
2021-04-06,57991.15,0,binance
2021-04-07,55953.45,0,binance
2021-04-08,58077.52,0,binance
2021-04-09,58142.54,0,binance
2021-04-10,59769.13,0,binance
2021-04-11,60002.43,0,binance
2021-04-12,59860.0,0,binance
2021-04-13,63575.0,0,binance
2021-04-14,62959.53,0,binance
2021-04-15,63159.98,0,binance
2021-04-16,61334.8,0,binance
2021-04-17,60006.66,0,binance
2021-04-18,56150.01,0,binance
2021-04-19,55633.14,0,binance
2021-04-20,56425.0,0,binance
2021-04-21,53787.63,0,binance
2021-04-22,51690.96,0,binance
2021-04-23,51125.14,0,binance
2021-04-24,50047.84,0,binance
2021-04-25,49066.77,0,binance
2021-04-26,54001.39,0,binance
2021-04-27,55011.97,0,binance
2021-04-28,54846.22,0,binance
2021-04-29,53555.0,0,binance
2021-04-30,57694.27,0,binance
2021-05-01,57800.37,0,binance
2021-05-02,56578.21,0,binance
2021-05-03,57169.39,0,binance
2021-05-04,53200.01,0,binance
2021-05-05,57436.11,0,binance
2021-05-06,56393.68,0,binance
2021-05-07,57314.75,0,binance
2021-05-08,58862.05,0,binance
2021-05-09,58240.84,0,binance
2021-05-10,55816.14,0,binance
2021-05-11,56670.02,0,binance
2021-05-12,49631.32,0,binance
2021-05-13,49670.97,0,binance
2021-05-14,49841.45,0,binance
2021-05-15,46762.99,0,binance
2021-05-16,46431.5,0,binance
2021-05-17,43538.04,0.0379,binance
2021-05-18,42849.78,0.2248,binance
2021-05-19,36690.09,0.8829,binance
2021-05-20,40526.64,0.6504,binance
2021-05-21,37252.01,0.8753,binance
2021-05-22,37449.73,0.8717,binance
2021-05-23,34655.25,0.8646,binance
2021-05-24,38796.29,0.8206,binance
2021-05-25,38324.72,0.8466,binance
2021-05-26,39241.91,0.7981,binance
2021-05-27,38529.98,0.8413,binance
2021-05-28,35663.49,0.8799,binance
2021-05-29,34605.15,0.8573,binance
2021-05-30,35641.27,0.8784,binance
2021-05-31,37253.81,0.8823,binance
2021-06-01,36693.09,0.8858,binance
2021-06-02,37568.68,0.879,binance
2021-06-03,39246.79,0.8203,binance
2021-06-04,36829.0,0.8858,binance
2021-06-05,35513.2,0.872,binance
2021-06-06,35796.31,0.8764,binance
2021-06-07,33552.79,0.8119,binance
2021-06-08,33380.81,0.8041,binance
2021-06-09,37388.05,0.8845,binance
2021-06-10,36675.72,0.8847,binance
2021-06-11,37331.98,0.8854,binance
2021-06-12,35546.11,0.8667,binance
2021-06-13,39020.57,0.8524,binance
2021-06-14,40516.29,0.7678,binance
2021-06-15,40144.04,0.7983,binance
2021-06-16,38349.01,0.8758,binance
2021-06-17,38092.97,0.8808,binance
2021-06-18,35819.84,0.8674,binance
2021-06-19,35483.72,0.8583,binance
2021-06-20,35600.16,0.8603,binance
2021-06-21,31608.93,0.7143,binance
2021-06-22,32509.56,0.749,binance
2021-06-23,33678.07,0.7936,binance
2021-06-24,34663.09,0.8278,binance
2021-06-25,31584.45,0.7076,binance
2021-06-26,32283.65,0.734,binance
2021-06-27,34700.34,0.8251,binance
2021-06-28,34494.89,0.8166,binance
2021-06-29,35911.73,0.859,binance
2021-06-30,35045.0,0.8326,binance
2021-07-01,33504.69,0.7752,binance
2021-07-02,33786.55,0.7846,binance
2021-07-03,34669.13,0.8158,binance
2021-07-04,35286.51,0.8352,binance
2021-07-05,33690.14,0.7765,binance
2021-07-06,34220.01,0.7952,binance
2021-07-07,33862.12,0.7801,binance
2021-07-08,32875.71,0.74,binance
2021-07-09,33815.81,0.7754,binance
2021-07-10,33502.87,0.7617,binance
2021-07-11,34258.99,0.7894,binance
2021-07-12,33086.63,0.7424,binance
2021-07-13,32729.77,0.7269,binance
2021-07-14,32820.02,0.7289,binance
2021-07-15,31880.0,0.6913,binance
2021-07-16,31383.87,0.6716,binance
2021-07-17,31520.07,0.6753,binance
2021-07-18,31778.56,0.6835,binance
2021-07-19,30839.65,0.6489,binance
2021-07-20,29790.35,0.6147,binance
2021-07-21,32144.51,0.6931,binance
2021-07-22,32287.83,0.6971,binance
2021-07-23,33634.09,0.7476,binance
2021-07-24,34258.14,0.7702,binance
2021-07-25,35381.02,0.8102,binance
2021-07-26,37237.6,0.8639,binance
2021-07-27,39457.87,0.8847,binance
2021-07-28,40019.56,0.8792,binance
2021-07-29,40016.48,0.8799,binance
2021-07-30,42206.37,0.8005,binance
2021-07-31,41461.83,0.842,binance
2021-08-01,39845.44,0.8834,binance
2021-08-02,39147.82,0.8855,binance
2021-08-03,38207.05,0.876,binance
2021-08-04,39723.18,0.8852,binance
2021-08-05,40862.46,0.8697,binance
2021-08-06,42836.87,0.781,binance
2021-08-07,44572.54,0.6215,binance
2021-08-08,43794.37,0.7106,binance
2021-08-09,46253.4,0.3863,binance
2021-08-10,45584.99,0.5048,binance
2021-08-11,45511.0,0.5234,binance
2021-08-12,44399.0,0.6697,binance
2021-08-13,47800.0,0.1118,binance
2021-08-14,47068.51,0.2817,binance
2021-08-15,46973.82,0.3107,binance
2021-08-16,45901.29,0.5035,binance
2021-08-17,44695.95,0.6647,binance
2021-08-18,44705.29,0.6691,binance
2021-08-19,46760.62,0.389,binance
2021-08-20,49322.47,0,binance
2021-08-21,48821.87,0,binance
2021-08-22,49239.22,0,binance
2021-08-23,49488.85,0,binance
2021-08-24,47674.01,0.2669,binance
2021-08-25,48973.32,0,binance
2021-08-26,46843.87,0.4372,binance
2021-08-27,49069.9,0,binance
2021-08-28,48895.35,0.0446,binance
2021-08-29,48767.83,0.088,binance
2021-08-30,46982.91,0.4487,binance
2021-08-31,47100.89,0.4382,binance
2021-09-01,48810.52,0.116,binance
2021-09-02,49246.64,0.026,binance
2021-09-03,49999.14,0,binance
2021-09-04,49915.64,0,binance
2021-09-05,51756.88,0,binance
2021-09-06,52663.9,0,binance
2021-09-07,46863.73,0.5297,binance
2021-09-08,46048.31,0.6389,binance
2021-09-09,46395.14,0.6045,binance
2021-09-10,44850.91,0.7596,binance
2021-09-11,45173.69,0.7383,binance
2021-09-12,46025.24,0.6636,binance
2021-09-13,44940.73,0.7641,binance
2021-09-14,47111.52,0.5461,binance
2021-09-15,48121.41,0.4013,binance
2021-09-16,47737.82,0.4713,binance
2021-09-17,47299.98,0.542,binance
2021-09-18,48292.74,0.3996,binance
2021-09-19,47241.75,0.5637,binance
2021-09-20,43015.62,0.8699,binance
2021-09-21,40734.38,0.8808,binance
2021-09-22,43543.61,0.8582,binance
2021-09-23,44865.26,0.8019,binance
2021-09-24,42810.57,0.8776,binance
2021-09-25,42670.64,0.8803,binance
2021-09-26,43160.9,0.8729,binance
2021-09-27,42147.35,0.8854,binance
2021-09-28,41026.54,0.8806,binance
2021-09-29,41524.28,0.8845,binance
2021-09-30,43824.1,0.8614,binance
2021-10-01,48141.61,0.5286,binance
2021-10-02,47634.9,0.6003,binance
2021-10-03,48200.01,0.5352,binance
2021-10-04,49224.94,0.3888,binance
2021-10-05,51471.99,0,binance
2021-10-06,55315.0,0,binance
2021-10-07,53785.22,0,binance
2021-10-08,53951.43,0,binance
2021-10-09,54949.72,0,binance
2021-10-10,54659.0,0,binance
2021-10-11,57471.35,0,binance
2021-10-12,55996.93,0,binance
2021-10-13,57367.0,0,binance
2021-10-14,57347.94,0,binance
2021-10-15,61672.42,0,binance
2021-10-16,60875.57,0,binance
2021-10-17,61528.33,0,binance
2021-10-18,62009.84,0,binance
2021-10-19,64280.59,0,binance
2021-10-20,66001.41,0,binance
2021-10-21,62193.15,0,binance
2021-10-22,60688.22,0,binance
2021-10-23,61286.75,0,binance
2021-10-24,60852.22,0,binance
2021-10-25,63078.78,0,binance
2021-10-26,60328.81,0,binance
2021-10-27,58413.44,0,binance
2021-10-28,60575.89,0,binance
2021-10-29,62253.71,0,binance
2021-10-30,61859.19,0,binance
2021-10-31,61299.8,0,binance
2021-11-01,60911.11,0,binance
2021-11-02,63219.99,0,binance
2021-11-03,62896.48,0,binance
2021-11-04,61395.01,0,binance
2021-11-05,60937.12,0,binance
2021-11-06,61470.61,0,binance
2021-11-07,63273.59,0,binance
2021-11-08,67525.83,0,binance
2021-11-09,66947.66,0,binance
2021-11-10,64882.43,0,binance
2021-11-11,64774.26,0,binance
2021-11-12,64122.23,0,binance
2021-11-13,64380.0,0,binance
2021-11-14,65519.1,0,binance
2021-11-15,63606.74,0,binance
2021-11-16,60058.87,0,binance
2021-11-17,60344.87,0,binance
2021-11-18,56891.62,0,binance
2021-11-19,58052.24,0,binance
2021-11-20,59707.51,0,binance
2021-11-21,58622.02,0,binance
2021-11-22,56247.18,0,binance
2021-11-23,57541.27,0,binance
2021-11-24,57138.29,0,binance
2021-11-25,58960.36,0,binance
2021-11-26,53726.53,0.1086,binance
2021-11-27,54721.03,0,binance
2021-11-28,57274.88,0,binance
2021-11-29,57776.25,0,binance
2021-11-30,56950.56,0,binance
2021-12-01,57184.07,0,binance
2021-12-02,56480.34,0,binance
2021-12-03,53601.05,0.2154,binance
2021-12-04,49152.47,0.7677,binance
2021-12-05,49396.33,0.7549,binance
2021-12-06,50441.92,0.6748,binance
2021-12-07,50588.95,0.6662,binance
2021-12-08,50471.19,0.6822,binance
2021-12-09,47545.59,0.8557,binance
2021-12-10,47140.54,0.8677,binance
2021-12-11,49389.99,0.7767,binance
2021-12-12,50053.9,0.7349,binance
2021-12-13,46702.75,0.8784,binance
2021-12-14,48343.28,0.8373,binance
2021-12-15,48864.98,0.8171,binance
2021-12-16,47632.38,0.8633,binance
2021-12-17,46131.2,0.8852,binance
2021-12-18,46834.48,0.88,binance
2021-12-19,46681.23,0.8822,binance
2021-12-20,46914.16,0.8803,binance
2021-12-21,48889.88,0.8302,binance
2021-12-22,48588.16,0.8439,binance
2021-12-23,50838.81,0.7212,binance
2021-12-24,50820.0,0.7269,binance
2021-12-25,50399.66,0.7608,binance
2021-12-26,50775.49,0.7386,binance
2021-12-27,50701.44,0.7478,binance
2021-12-28,47543.74,0.8775,binance
2021-12-29,46464.66,0.8858,binance
2021-12-30,47120.87,0.8833,binance
2021-12-31,46216.93,0.8853,binance
2022-01-01,47722.65,0.8778,binance
2022-01-02,47286.18,0.8833,binance
2022-01-03,46446.1,0.8856,binance
2022-01-04,45832.01,0.8818,binance
2022-01-05,43451.13,0.8382,binance
2022-01-06,43082.31,0.8272,binance
2022-01-07,41566.48,0.7811,binance
2022-01-08,41679.74,0.7833,binance
2022-01-09,41864.62,0.7876,binance
2022-01-10,41822.49,0.7849,binance
2022-01-11,42729.29,0.8108,binance
2022-01-12,43902.66,0.8412,binance
2022-01-13,42560.11,0.8031,binance
2022-01-14,43059.96,0.8162,binance
2022-01-15,43084.29,0.8156,binance
2022-01-16,43071.66,0.8139,binance
2022-01-17,42201.62,0.7867,binance
2022-01-18,42352.12,0.7899,binance
2022-01-19,41660.01,0.767,binance
2022-01-20,40680.91,0.7345,binance
2022-01-21,36445.31,0.612,binance
2022-01-22,35071.42,0.582,binance
2022-01-23,36244.55,0.6056,binance
2022-01-24,36660.35,0.6142,binance
2022-01-25,36958.32,0.6205,binance
2022-01-26,36809.34,0.6159,binance
2022-01-27,37160.1,0.6234,binance
2022-01-28,37716.56,0.6365,binance
2022-01-29,38166.84,0.6474,binance
2022-01-30,37881.76,0.6387,binance
2022-01-31,38466.9,0.6533,binance
2022-02-01,38694.59,0.6585,binance
2022-02-02,36896.36,0.6114,binance
2022-02-03,37311.61,0.6202,binance
2022-02-04,41574.25,0.7416,binance
2022-02-05,41382.59,0.7342,binance
2022-02-06,42380.87,0.7639,binance
2022-02-07,43839.99,0.8063,binance
2022-02-08,44042.99,0.8107,binance
2022-02-09,44372.72,0.8185,binance
2022-02-10,43495.44,0.7921,binance
2022-02-11,42373.73,0.7566,binance
2022-02-12,42217.87,0.7504,binance
2022-02-13,42053.66,0.7438,binance
2022-02-14,42535.94,0.7574,binance
2022-02-15,44544.86,0.8153,binance
2022-02-16,43873.56,0.7949,binance
2022-02-17,40515.7,0.6914,binance
2022-02-18,39974.44,0.6743,binance
2022-02-19,40079.17,0.6761,binance
2022-02-20,38386.89,0.6295,binance
2022-02-21,37008.16,0.5972,binance
2022-02-22,38230.33,0.6237,binance
2022-02-23,37250.01,0.6006,binance
2022-02-24,38327.21,0.6241,binance
2022-02-25,39219.17,0.6454,binance
2022-02-26,39116.72,0.6416,binance
2022-02-27,37699.07,0.6068,binance
2022-02-28,43160.0,0.7567,binance
2022-03-01,44421.2,0.7929,binance
2022-03-02,43892.98,0.7759,binance
2022-03-03,42454.0,0.731,binance
2022-03-04,39148.66,0.636,binance
2022-03-05,39397.96,0.6413,binance
2022-03-06,38420.81,0.6165,binance
2022-03-07,37988.0,0.606,binance
2022-03-08,38730.63,0.6218,binance
2022-03-09,41941.71,0.7073,binance
2022-03-10,39422.0,0.6365,binance
2022-03-11,38729.57,0.6189,binance
2022-03-12,38807.36,0.6197,binance
2022-03-13,37777.34,0.5965,binance
2022-03-14,39671.37,0.6385,binance
2022-03-15,39280.33,0.6279,binance
2022-03-16,41114.0,0.6745,binance
2022-03-17,40917.9,0.6678,binance
2022-03-18,41757.51,0.6902,binance
2022-03-19,42201.13,0.7017,binance
2022-03-20,41262.11,0.6737,binance
2022-03-21,41002.25,0.6653,binance
2022-03-22,42364.13,0.7025,binance
2022-03-23,42882.76,0.7164,binance
2022-03-24,43991.46,0.7479,binance
2022-03-25,44313.16,0.7561,binance
2022-03-26,44511.27,0.7605,binance
2022-03-27,46827.76,0.8237,binance
2022-03-28,47122.21,0.8298,binance
2022-03-29,47434.8,0.8361,binance
2022-03-30,47067.99,0.826,binance
2022-03-31,45510.34,0.7825,binance
2022-04-01,46283.49,0.8028,binance
2022-04-02,45811.0,0.7883,binance
2022-04-03,46407.35,0.8035,binance
2022-04-04,46580.51,0.8068,binance
2022-04-05,45497.55,0.7752,binance
2022-04-06,43170.47,0.706,binance
2022-04-07,43444.19,0.7125,binance
2022-04-08,42252.01,0.6775,binance
2022-04-09,42753.97,0.6902,binance
2022-04-10,42158.85,0.6726,binance
2022-04-11,39530.45,0.6079,binance
2022-04-12,40074.94,0.6188,binance
2022-04-13,41147.79,0.6429,binance
2022-04-14,39942.38,0.6139,binance
2022-04-15,40551.9,0.6267,binance
2022-04-16,40378.71,0.6217,binance
2022-04-17,39678.12,0.6057,binance
2022-04-18,40801.13,0.6294,binance
2022-04-19,41493.18,0.645,binance
2022-04-20,41358.19,0.6406,binance
2022-04-21,40480.01,0.6192,binance
2022-04-22,39709.18,0.602,binance
2022-04-23,39441.6,0.596,binance
2022-04-24,39450.13,0.5953,binance
2022-04-25,40426.08,0.6142,binance
2022-04-26,38112.65,0.5709,binance
2022-04-27,39235.72,0.589,binance
2022-04-28,39742.07,0.5977,binance
2022-04-29,38596.11,0.5766,binance
2022-04-30,37630.8,0.5615,binance
2022-05-01,38468.35,0.5733,binance
2022-05-02,38525.16,0.5735,binance
2022-05-03,37728.95,0.5612,binance
2022-05-04,39690.0,0.5919,binance
2022-05-05,36552.97,0.5457,binance
2022-05-06,36013.77,0.5397,binance
2022-05-07,35472.39,0.5341,binance
2022-05-08,34038.4,0.5218,binance
2022-05-09,30076.31,0.4861,binance
2022-05-10,31017.1,0.4959,binance
2022-05-11,29103.94,0.4726,binance
2022-05-12,29029.75,0.4711,binance
2022-05-13,29287.05,0.4744,binance
2022-05-14,30086.74,0.4843,binance
2022-05-15,31328.89,0.4974,binance
2022-05-16,29874.01,0.4809,binance
2022-05-17,30444.93,0.4874,binance
2022-05-18,28715.32,0.4637,binance
2022-05-19,30319.23,0.4852,binance
2022-05-20,29201.01,0.47,binance
2022-05-21,29445.06,0.4731,binance
2022-05-22,30293.94,0.4837,binance
2022-05-23,29109.15,0.4673,binance
2022-05-24,29654.58,0.4747,binance
2022-05-25,29542.15,0.4727,binance
2022-05-26,29201.35,0.4674,binance
2022-05-27,28629.8,0.4579,binance
2022-05-28,29031.33,0.4638,binance
2022-05-29,29468.1,0.4699,binance
2022-05-30,31734.22,0.4964,binance
2022-05-31,31801.04,0.4967,binance
2022-06-01,29805.83,0.4733,binance
2022-06-02,30452.62,0.4814,binance
2022-06-03,29700.21,0.471,binance
2022-06-04,29864.04,0.4729,binance
2022-06-05,29919.21,0.4732,binance
2022-06-06,31373.1,0.4904,binance
2022-06-07,31125.33,0.4873,binance
2022-06-08,30204.77,0.4758,binance
2022-06-09,30109.93,0.4741,binance
2022-06-10,29091.88,0.4584,binance
2022-06-11,28424.7,0.4466,binance
2022-06-12,26574.53,0.4092,binance
2022-06-13,22487.41,0.3305,binance
2022-06-14,22136.41,0.3269,binance
2022-06-15,22583.72,0.331,binance
2022-06-16,20401.31,0.3256,binance
2022-06-17,20468.81,0.3253,binance
2022-06-18,18970.79,0.3417,binance
2022-06-19,20574.0,0.3249,binance
2022-06-20,20573.89,0.3251,binance
2022-06-21,20723.52,0.3244,binance
2022-06-22,19987.99,0.3304,binance
2022-06-23,21110.13,0.3231,binance
2022-06-24,21237.69,0.3229,binance
2022-06-25,21491.19,0.3228,binance
2022-06-26,21038.07,0.3235,binance
2022-06-27,20742.56,0.3249,binance
2022-06-28,20281.29,0.3288,binance
2022-06-29,20123.01,0.3305,binance
2022-06-30,19942.21,0.3328,binance
2022-07-01,19279.8,0.341,binance
2022-07-02,19252.81,0.3417,binance
2022-07-03,19315.83,0.3411,binance
2022-07-04,20236.71,0.3305,binance
2022-07-05,20175.83,0.3313,binance
2022-07-06,20564.51,0.3277,binance
2022-07-07,21624.98,0.3228,binance
2022-07-08,21594.75,0.3229,binance
2022-07-09,21591.83,0.3229,binance
2022-07-10,20862.47,0.326,binance
2022-07-11,19963.61,0.3352,binance
2022-07-12,19328.75,0.3431,binance
2022-07-13,20234.87,0.3325,binance
2022-07-14,20588.84,0.3291,binance
2022-07-15,20830.04,0.3271,binance
2022-07-16,21195.6,0.3248,binance
2022-07-17,20798.16,0.3278,binance
2022-07-18,22432.58,0.3238,binance
2022-07-19,23396.62,0.331,binance
2022-07-20,23223.3,0.329,binance
2022-07-21,23152.19,0.328,binance
2022-07-22,22684.83,0.3246,binance
2022-07-23,22451.07,0.3235,binance
2022-07-24,22579.68,0.3239,binance
2022-07-25,21310.9,0.3253,binance
2022-07-26,21254.67,0.3258,binance
2022-07-27,22952.45,0.3254,binance
2022-07-28,23842.93,0.3336,binance
2022-07-29,23773.75,0.3324,binance
2022-07-30,23643.51,0.3307,binance
2022-07-31,23293.32,0.3272,binance
2022-08-01,23268.01,0.3268,binance
2022-08-02,22987.79,0.3248,binance
2022-08-03,22818.37,0.3238,binance
2022-08-04,22622.98,0.3232,binance
2022-08-05,23312.42,0.3264,binance
2022-08-06,22954.21,0.3241,binance
2022-08-07,23174.39,0.3252,binance
2022-08-08,23810.0,0.3301,binance
2022-08-09,23149.95,0.3248,binance
2022-08-10,23954.05,0.3312,binance
2022-08-11,23934.39,0.3307,binance
2022-08-12,24403.68,0.3359,binance
2022-08-13,24441.38,0.336,binance
2022-08-14,24305.24,0.334,binance
2022-08-15,24094.82,0.3313,binance
2022-08-16,23854.74,0.3287,binance
2022-08-17,23342.66,0.3248,binance
2022-08-18,23191.2,0.3239,binance
2022-08-19,20834.39,0.3348,binance
2022-08-20,21140.07,0.3316,binance
2022-08-21,21515.61,0.3282,binance
2022-08-22,21399.83,0.3295,binance
2022-08-23,21529.12,0.3285,binance
2022-08-24,21368.08,0.3302,binance
2022-08-25,21559.04,0.3287,binance
2022-08-26,20241.05,0.3432,binance
2022-08-27,20037.6,0.3455,binance
2022-08-28,19555.61,0.3485,binance
2022-08-29,20285.73,0.3435,binance
2022-08-30,19811.66,0.3476,binance
2022-08-31,20050.02,0.3461,binance
2022-09-01,20131.46,0.3455,binance
2022-09-02,19951.86,0.3472,binance
2022-09-03,19831.9,0.3479,binance
2022-09-04,20000.3,0.3471,binance
2022-09-05,19796.84,0.3483,binance
2022-09-06,18790.61,0.3392,binance
2022-09-07,19292.84,0.3474,binance
2022-09-08,19319.77,0.3474,binance
2022-09-09,21360.11,0.334,binance
2022-09-10,21648.34,0.3312,binance
2022-09-11,21826.87,0.3296,binance
2022-09-12,22395.74,0.3254,binance
2022-09-13,20173.57,0.3471,binance
2022-09-14,20226.71,0.347,binance
2022-09-15,19701.88,0.3486,binance
2022-09-16,19803.3,0.3487,binance
2022-09-17,20113.62,0.348,binance
2022-09-18,19416.18,0.3464,binance
2022-09-19,19537.02,0.3474,binance
2022-09-20,18875.0,0.3333,binance
2022-09-21,18461.36,0.3123,binance
2022-09-22,19401.63,0.3452,binance
2022-09-23,19289.91,0.343,binance
2022-09-24,18920.5,0.3321,binance
2022-09-25,18807.38,0.3267,binance
2022-09-27,19079.13,0.3356,binance
2022-09-28,19412.82,0.3434,binance
2022-09-29,19591.51,0.3458,binance
2022-09-30,19422.61,0.3428,binance
2022-10-01,19310.95,0.3399,binance
2022-10-02,19056.8,0.3314,binance
2022-10-03,19629.08,0.3452,binance
2022-10-04,20337.82,0.3485,binance
2022-10-05,20158.26,0.3487,binance
2022-10-06,19960.67,0.3479,binance
2022-10-07,19530.09,0.3422,binance
2022-10-08,19417.96,0.3391,binance
2022-10-09,19439.02,0.3391,binance
2022-10-10,19131.87,0.3281,binance
2022-10-11,19060.0,0.324,binance
2022-10-12,19155.53,0.3274,binance
2022-10-13,19375.13,0.3349,binance
2022-10-14,19176.93,0.3266,binance
2022-10-15,19069.39,0.3205,binance
2022-10-16,19262.98,0.3286,binance
2022-10-17,19549.86,0.3378,binance
2022-10-18,19327.44,0.3296,binance
2022-10-19,19123.97,0.3193,binance
2022-10-20,19041.92,0.3136,binance
2022-10-21,19164.37,0.3193,binance
2022-10-22,19204.35,0.3204,binance
2022-10-23,19570.4,0.3348,binance
2022-10-24,19329.72,0.3246,binance
2022-10-25,20080.07,0.3453,binance
2022-10-26,20771.59,0.3486,binance
2022-10-27,20295.11,0.3472,binance
2022-10-28,20591.84,0.3486,binance
2022-10-29,20809.67,0.3486,binance
2022-10-30,20627.48,0.3485,binance
2022-10-31,20490.74,0.348,binance
2022-11-01,20483.62,0.3478,binance
2022-11-02,20151.84,0.3438,binance
2022-11-03,20207.82,0.3444,binance
2022-11-04,21148.52,0.3479,binance
2022-11-05,21299.37,0.3472,binance
2022-11-06,20905.58,0.3487,binance
2022-11-07,20591.13,0.3477,binance
2022-11-08,18547.23,0.2316,binance
2022-11-09,15922.81,0,binance
2022-11-10,17601.15,0.0254,binance
2022-11-11,17070.31,0,binance
2022-11-12,16812.08,0,binance
2022-11-13,16329.85,0,binance
2022-11-14,16619.46,0,binance
2022-11-15,16900.57,0,binance
2022-11-16,16662.76,0,binance
2022-11-17,16692.56,0,binance
2022-11-18,16700.45,0,binance
2022-11-19,16700.68,0,binance
2022-11-20,16280.23,0,binance
2022-11-21,15781.29,0,binance
2022-11-22,16226.94,0,binance
2022-11-23,16603.11,0,binance
2022-11-24,16598.95,0,binance
2022-11-25,16522.14,0,binance
2022-11-26,16458.57,0,binance
2022-11-27,16428.78,0,binance
2022-11-28,16212.91,0,binance
2022-11-29,16442.53,0,binance
2022-11-30,17163.64,0,binance
2022-12-01,16977.37,0,binance
2022-12-02,17092.74,0,binance
2022-12-03,16885.2,0,binance
2022-12-04,17105.7,0,binance
2022-12-05,16966.35,0,binance
2022-12-06,17088.96,0,binance
2022-12-07,16836.64,0,binance
2022-12-08,17224.1,0,binance
2022-12-09,17128.56,0,binance
2022-12-10,17127.49,0,binance
2022-12-11,17085.05,0,binance
2022-12-12,17209.83,0,binance
2022-12-13,17774.7,0,binance
2022-12-14,17803.15,0,binance
2022-12-15,17356.34,0,binance
2022-12-16,16632.12,0,binance
2022-12-17,16776.52,0,binance
2022-12-18,16738.21,0,binance
2022-12-19,16438.88,0,binance
2022-12-20,16895.56,0,binance
2022-12-21,16824.67,0,binance
2022-12-22,16821.43,0,binance
2022-12-23,16778.5,0,binance
2022-12-24,16836.12,0,binance
2022-12-25,16832.11,0,binance
2022-12-26,16919.39,0,binance
2022-12-27,16706.36,0,binance
2022-12-28,16547.31,0,binance
2022-12-29,16633.47,0,binance
2022-12-30,16607.48,0,binance
2022-12-31,16542.4,0,binance
2023-01-01,16616.75,0,binance
2023-01-02,16672.87,0,binance
2023-01-03,16675.18,0,binance
2023-01-04,16850.36,0,binance
2023-01-05,16831.85,0,binance
2023-01-06,16950.65,0,binance
2023-01-07,16943.57,0,binance
2023-01-08,17127.83,0,binance
2023-01-09,17178.26,0,binance
2023-01-10,17440.66,0,binance
2023-01-11,17943.26,0,binance
2023-01-12,18846.62,0.0477,binance
2023-01-13,19930.01,0.2435,binance
2023-01-14,20954.92,0.3221,binance
2023-01-15,20871.5,0.317,binance
2023-01-16,21185.65,0.3298,binance
2023-01-17,21134.81,0.327,binance
2023-01-18,20677.47,0.302,binance
2023-01-19,21071.59,0.3226,binance
2023-01-20,22667.21,0.3486,binance
2023-01-21,22783.55,0.3483,binance
2023-01-22,22707.88,0.3486,binance
2023-01-23,22916.45,0.348,binance
2023-01-24,22632.89,0.3487,binance
2023-01-25,23060.94,0.3476,binance
2023-01-26,23009.65,0.3479,binance
2023-01-27,23074.16,0.3477,binance
2023-01-28,23022.6,0.3481,binance
2023-01-29,23742.3,0.3432,binance
2023-01-30,22826.15,0.3487,binance
2023-01-31,23125.13,0.3479,binance
2023-02-01,23732.66,0.3439,binance
2023-02-02,23488.94,0.3461,binance
2023-02-03,23431.9,0.3466,binance
2023-02-04,23326.84,0.3474,binance
2023-02-05,22932.91,0.3487,binance
2023-02-06,22762.52,0.3485,binance
2023-02-07,23240.46,0.3481,binance
2023-02-08,22963.0,0.3488,binance
2023-02-09,21796.35,0.3328,binance
2023-02-10,21625.19,0.3259,binance
2023-02-11,21862.55,0.3335,binance
2023-02-12,21783.54,0.3302,binance
2023-02-13,21773.97,0.3291,binance
2023-02-14,22199.84,0.3404,binance
2023-02-15,24324.05,0.3417,binance
2023-02-16,23517.72,0.3478,binance
2023-02-17,24569.97,0.3398,binance
2023-02-18,24631.95,0.3394,binance
2023-02-19,24271.76,0.343,binance
2023-02-20,24842.2,0.3378,binance
2023-02-21,24452.16,0.3418,binance
2023-02-22,24182.21,0.3444,binance
2023-02-23,23940.2,0.3464,binance
2023-02-24,23185.29,0.3485,binance
2023-02-25,23157.07,0.3484,binance
2023-02-26,23554.85,0.3485,binance
2023-02-27,23492.09,0.3487,binance
2023-02-28,23141.57,0.348,binance
2023-03-01,23628.97,0.3485,binance
2023-03-02,23465.32,0.3487,binance
2023-03-03,22354.34,0.335,binance
2023-03-04,22346.57,0.3341,binance
2023-03-05,22430.24,0.3358,binance
2023-03-06,22410.0,0.3346,binance
2023-03-07,22197.96,0.3269,binance
2023-03-08,21705.44,0.3011,binance
2023-03-09,20362.22,0.1402,binance
2023-03-10,20150.69,0.093,binance
2023-03-11,20455.73,0.1499,binance
2023-03-12,21997.11,0.3129,binance
2023-03-13,24113.48,0.3478,binance
2023-03-14,24670.41,0.3445,binance
2023-03-15,24285.66,0.3472,binance
2023-03-16,24998.78,0.3421,binance
2023-03-17,27395.13,0.324,binance
2023-03-18,26907.49,0.3264,binance
2023-03-19,27972.87,0.3229,binance
2023-03-20,27717.01,0.3233,binance
2023-03-21,28105.47,0.3228,binance
2023-03-22,27250.97,0.3251,binance
2023-03-23,28295.41,0.3228,binance
2023-03-24,27454.47,0.3245,binance
2023-03-25,27462.95,0.3245,binance
2023-03-26,27968.05,0.3231,binance
2023-03-27,27124.91,0.3265,binance
2023-03-28,27261.07,0.3259,binance
2023-03-29,28348.6,0.3228,binance
2023-03-30,28028.53,0.3232,binance
2023-03-31,28465.36,0.3228,binance
2023-04-01,28452.73,0.3228,binance
2023-04-02,28171.87,0.3231,binance
2023-04-03,27800.0,0.3242,binance
2023-04-04,28165.47,0.3232,binance
2023-04-05,28170.01,0.3233,binance
2023-04-06,28033.82,0.3237,binance
2023-04-07,27906.33,0.3242,binance
2023-04-08,27938.38,0.3242,binance
2023-04-09,28323.76,0.3232,binance
2023-04-10,29637.34,0.3246,binance
2023-04-11,30200.42,0.3275,binance
2023-04-12,29888.07,0.3255,binance
2023-04-13,30373.84,0.3282,binance
2023-04-14,30466.93,0.3287,binance
2023-04-15,30295.09,0.3273,binance
2023-04-16,30304.65,0.3272,binance
2023-04-17,29430.27,0.3233,binance
2023-04-18,30380.01,0.3272,binance
2023-04-19,28797.1,0.3229,binance
2023-04-20,28243.65,0.3243,binance
2023-04-21,27262.84,0.3302,binance
2023-04-22,27816.85,0.3266,binance
2023-04-23,27590.6,0.3282,binance
2023-04-24,27510.93,0.3289,binance
2023-04-25,28300.79,0.3246,binance
2023-04-26,28415.29,0.3243,binance
2023-04-27,29472.77,0.3229,binance
2023-04-28,29311.7,0.3228,binance
2023-04-29,29230.45,0.3228,binance
2023-04-30,29233.21,0.3228,binance
2023-05-01,28068.26,0.3266,binance
2023-05-02,28669.86,0.324,binance
2023-05-03,29026.16,0.3232,binance
2023-05-04,28838.16,0.3236,binance
2023-05-05,29505.61,0.3228,binance
2023-05-06,28848.2,0.3238,binance
2023-05-07,28430.1,0.3256,binance
2023-05-08,27668.79,0.3305,binance
2023-05-09,27628.27,0.3311,binance
2023-05-10,27598.75,0.3316,binance
2023-05-11,26968.62,0.3372,binance
2023-05-12,26795.01,0.339,binance
2023-05-13,26775.28,0.3394,binance
2023-05-14,26917.62,0.3384,binance
2023-05-15,27162.14,0.3364,binance
2023-05-16,27033.84,0.3378,binance
2023-05-17,27405.61,0.3348,binance
2023-05-18,26821.28,0.3402,binance
2023-05-19,26880.26,0.3399,binance
2023-05-20,27102.43,0.3382,binance
2023-05-21,26747.78,0.3415,binance
2023-05-22,26849.27,0.3408,binance
2023-05-23,27219.61,0.3378,binance
2023-05-24,26329.01,0.3454,binance
2023-05-25,26473.79,0.3445,binance
2023-05-26,26705.92,0.343,binance
2023-05-27,26854.27,0.3419,binance
2023-05-28,28065.0,0.3318,binance
2023-05-29,27736.4,0.3347,binance
2023-05-30,27694.4,0.3354,binance
2023-05-31,27210.35,0.3398,binance
2023-06-01,26817.93,0.3433,binance
2023-06-02,27242.59,0.34,binance
2023-06-03,27069.22,0.3417,binance
2023-06-04,27115.21,0.3415,binance
2023-06-05,25728.2,0.3487,binance
2023-06-06,27230.08,0.341,binance
2023-06-07,26339.34,0.3475,binance
2023-06-08,26498.61,0.3468,binance
2023-06-09,26477.81,0.347,binance
2023-06-10,25841.21,0.3487,binance
2023-06-11,25925.55,0.3487,binance
2023-06-12,25905.19,0.3487,binance
2023-06-13,25934.25,0.3487,binance
2023-06-14,25128.6,0.3425,binance
2023-06-15,25598.49,0.3473,binance
2023-06-16,26345.0,0.3483,binance
2023-06-17,26516.99,0.3479,binance
2023-06-18,26339.97,0.3484,binance
2023-06-19,26844.35,0.3465,binance
2023-06-20,28307.99,0.335,binance
2023-06-21,29993.89,0.3244,binance
2023-06-22,29884.92,0.3249,binance
2023-06-23,30688.5,0.3229,binance
2023-06-24,30527.43,0.3232,binance
2023-06-25,30462.66,0.3234,binance
2023-06-26,30267.99,0.324,binance
2023-06-27,30692.44,0.3231,binance
2023-06-28,30077.41,0.3249,binance
2023-06-29,30447.31,0.3237,binance
2023-06-30,30472.0,0.3237,binance
2023-07-01,30585.9,0.3235,binance
2023-07-02,30617.03,0.3235,binance
2023-07-03,31156.2,0.3228,binance
2023-07-04,30766.51,0.3233,binance
2023-07-05,30504.81,0.3241,binance
2023-07-06,29895.43,0.3269,binance
2023-07-07,30344.7,0.3249,binance
2023-07-08,30284.63,0.3252,binance
2023-07-09,30160.71,0.326,binance
2023-07-10,30411.57,0.3249,binance
2023-07-11,30622.1,0.3243,binance
2023-07-12,30380.0,0.3253,binance
2023-07-13,31454.23,0.3228,binance
2023-07-14,30312.01,0.3259,binance
2023-07-15,30289.52,0.3262,binance
2023-07-16,30231.99,0.3266,binance
2023-07-17,30138.0,0.3273,binance
2023-07-18,29859.13,0.3292,binance
2023-07-19,29909.21,0.3291,binance
2023-07-20,29800.0,0.33,binance
2023-07-21,29901.72,0.3295,binance
2023-07-22,29794.0,0.3304,binance
2023-07-23,30083.75,0.3287,binance
2023-07-24,29176.5,0.3357,binance
2023-07-25,29228.91,0.3356,binance
2023-07-26,29351.96,0.3348,binance
2023-07-27,29222.78,0.336,binance
2023-07-28,29314.14,0.3355,binance
2023-07-29,29352.9,0.3354,binance
2023-07-30,29281.09,0.3363,binance
2023-07-31,29232.25,0.3369,binance
2023-08-01,29705.99,0.3333,binance
2023-08-02,29186.01,0.3377,binance
2023-08-03,29193.64,0.3379,binance
2023-08-04,29113.99,0.3388,binance
2023-08-05,29072.13,0.3394,binance
2023-08-06,29088.42,0.3395,binance
2023-08-07,29211.06,0.3387,binance
2023-08-08,29770.42,0.3344,binance
2023-08-09,29581.99,0.3361,binance
2023-08-10,29455.75,0.3374,binance
2023-08-11,29426.03,0.3379,binance
2023-08-12,29430.17,0.3381,binance
2023-08-13,29303.84,0.3394,binance
2023-08-14,29430.93,0.3385,binance
2023-08-15,29200.0,0.3406,binance
2023-08-16,28730.51,0.3444,binance
2023-08-17,26623.41,0.3406,binance
2023-08-18,26054.0,0.326,binance
2023-08-19,26100.01,0.3266,binance
2023-08-20,26189.99,0.3286,binance
2023-08-21,26126.92,0.3258,binance
2023-08-22,26056.0,0.3225,binance
2023-08-23,26432.72,0.3333,binance
2023-08-24,26180.05,0.325,binance
2023-08-25,26060.01,0.3198,binance
2023-08-26,26017.37,0.3172,binance
2023-08-27,26101.77,0.3195,binance
2023-08-28,26120.0,0.3192,binance
2023-08-29,27716.34,0.3482,binance
2023-08-30,27299.99,0.3452,binance
2023-08-31,25940.78,0.3081,binance
2023-09-01,25805.05,0.2999,binance
2023-09-02,25869.51,0.302,binance
2023-09-03,25971.21,0.306,binance
2023-09-04,25826.02,0.2969,binance
2023-09-05,25792.1,0.2935,binance
2023-09-06,25759.95,0.29,binance
2023-09-07,26255.0,0.3144,binance
2023-09-08,25910.5,0.296,binance
2023-09-09,25901.61,0.294,binance
2023-09-10,25841.61,0.2889,binance
2023-09-11,25162.52,0.2322,binance
2023-09-12,25840.1,0.2856,binance
2023-09-13,26222.0,0.3059,binance
2023-09-14,26522.73,0.3181,binance
2023-09-15,26600.0,0.32,binance
2023-09-16,26559.67,0.3175,binance
2023-09-17,26527.51,0.3152,binance
2023-09-18,26762.51,0.3231,binance
2023-09-19,27210.26,0.3351,binance
2023-09-20,27125.0,0.3324,binance
2023-09-21,26568.08,0.3126,binance
2023-09-22,26580.14,0.3119,binance
2023-09-23,26575.96,0.3106,binance
2023-09-24,26248.38,0.2923,binance
2023-09-25,26304.81,0.2941,binance
2023-09-26,26221.67,0.2876,binance
2023-09-27,26372.99,0.2951,binance
2023-09-28,27021.39,0.3232,binance
2023-09-29,26906.96,0.318,binance
2023-09-30,26962.56,0.3192,binance
2023-10-01,27992.57,0.3433,binance
2023-10-02,27494.51,0.3338,binance
2023-10-03,27426.46,0.3314,binance
2023-10-04,27778.57,0.3387,binance
2023-10-05,27410.39,0.3296,binance
2023-10-06,27931.09,0.3405,binance
2023-10-07,27956.67,0.3405,binance
2023-10-08,27917.05,0.3393,binance
2023-10-09,27590.12,0.3316,binance
2023-10-10,27390.12,0.325,binance
2023-10-11,26875.52,0.3028,binance
2023-10-12,26759.63,0.2954,binance
2023-10-13,26862.0,0.2995,binance
2023-10-14,26852.48,0.2976,binance
2023-10-15,27154.15,0.3111,binance
2023-10-16,28500.78,0.3446,binance
2023-10-17,28395.91,0.3429,binance
2023-10-18,28320.0,0.3415,binance
2023-10-19,28713.71,0.3458,binance
2023-10-20,29669.04,0.3485,binance
2023-10-21,29909.8,0.348,binance
2023-10-22,29992.46,0.3478,binance
2023-10-23,33069.99,0.3276,binance
2023-10-24,33922.73,0.3242,binance
2023-10-25,34496.05,0.323,binance
2023-10-26,34151.66,0.3238,binance
2023-10-27,33892.02,0.3246,binance
2023-10-28,34081.0,0.3241,binance
2023-10-29,34525.89,0.3231,binance
2023-10-30,34474.73,0.3233,binance
2023-10-31,34639.77,0.3231,binance
2023-11-01,35421.43,0.323,binance
2023-11-02,34941.59,0.3229,binance
2023-11-03,34716.78,0.3231,binance
2023-11-04,35062.07,0.3228,binance
2023-11-05,35011.88,0.3229,binance
2023-11-06,35046.09,0.3229,binance
2023-11-07,35399.12,0.3228,binance
2023-11-08,35624.72,0.3229,binance
2023-11-09,36701.09,0.3255,binance
2023-11-10,37301.63,0.3282,binance
2023-11-11,37130.0,0.3271,binance
2023-11-12,37064.13,0.3267,binance
2023-11-13,36462.93,0.3242,binance
2023-11-14,35551.19,0.3228,binance
2023-11-15,37858.2,0.3306,binance
2023-11-16,36163.51,0.3232,binance
2023-11-17,36613.92,0.3242,binance
2023-11-18,36568.1,0.324,binance
2023-11-19,37359.86,0.3269,binance
2023-11-20,37448.78,0.3271,binance
2023-11-21,35741.65,0.3228,binance
2023-11-22,37408.34,0.3266,binance
2023-11-23,37294.28,0.3259,binance
2023-11-24,37713.57,0.3278,binance
2023-11-25,37780.67,0.3279,binance
2023-11-26,37447.43,0.3261,binance
2023-11-27,37242.7,0.3251,binance
2023-11-28,37818.87,0.3276,binance
2023-11-29,37854.64,0.3276,binance
2023-11-30,37723.96,0.3267,binance
2023-12-01,38682.52,0.3322,binance
2023-12-02,39450.35,0.3379,binance
2023-12-03,39972.26,0.3424,binance
2023-12-04,41991.1,0.3639,binance
2023-12-05,44073.32,0.3894,binance
2023-12-06,43762.69,0.3849,binance
2023-12-07,43273.14,0.3782,binance
2023-12-08,44170.99,0.389,binance
2023-12-09,43713.6,0.3827,binance
2023-12-10,43789.51,0.3831,binance
2023-12-11,41253.4,0.3523,binance
2023-12-12,41492.39,0.3545,binance
2023-12-13,42869.03,0.3701,binance
2023-12-14,43022.26,0.3715,binance
2023-12-15,41940.3,0.3582,binance
2023-12-16,42278.03,0.3616,binance
2023-12-17,41374.65,0.3511,binance
2023-12-18,42657.8,0.3651,binance
2023-12-19,42275.99,0.3602,binance
2023-12-20,43668.93,0.3764,binance
2023-12-21,43861.8,0.3783,binance
2023-12-22,43969.04,0.3792,binance
2023-12-23,43702.16,0.3753,binance
2023-12-24,42991.5,0.3662,binance
2023-12-25,43576.13,0.3727,binance
2023-12-26,42508.93,0.3596,binance
2023-12-27,43428.85,0.37,binance
2023-12-28,42563.76,0.3594,binance
2023-12-29,42066.95,0.3534,binance
2023-12-30,42140.28,0.3538,binance
2023-12-31,42283.58,0.3549,binance
2024-01-01,44179.55,0.3766,binance
2024-01-02,44946.91,0.3855,binance
2024-01-03,42845.23,0.3598,binance
2024-01-04,44151.1,0.3747,binance
2024-01-05,44145.11,0.3741,binance
2024-01-06,43968.32,0.3715,binance
2024-01-07,43929.02,0.3705,binance
2024-01-08,46951.04,0.4071,binance
2024-01-09,46110.0,0.3962,binance
2024-01-10,46653.99,0.4024,binance
2024-01-11,46339.16,0.3979,binance
2024-01-12,42782.73,0.3551,binance
2024-01-13,42847.99,0.3553,binance
2024-01-14,41732.35,0.3437,binance
2024-01-15,42511.1,0.3509,binance
2024-01-16,43137.95,0.3572,binance
2024-01-17,42776.1,0.3528,binance
2024-01-18,41327.5,0.3387,binance
2024-01-19,41659.03,0.3412,binance
2024-01-20,41696.04,0.3412,binance
2024-01-21,41580.33,0.3398,binance
2024-01-22,39568.02,0.3263,binance
2024-01-23,39897.6,0.3277,binance
2024-01-24,40084.88,0.3284,binance
2024-01-25,39961.09,0.3276,binance
2024-01-26,41823.51,0.3402,binance
2024-01-27,42120.63,0.3425,binance
2024-01-28,42031.06,0.3413,binance
2024-01-29,43302.7,0.3533,binance
2024-01-30,42941.1,0.3492,binance
2024-01-31,42580.0,0.3453,binance
2024-02-01,43082.94,0.3498,binance
2024-02-02,43200.0,0.3506,binance
2024-02-03,43011.09,0.3483,binance
2024-02-04,42582.88,0.3438,binance
2024-02-05,42708.7,0.3446,binance
2024-02-06,43098.95,0.348,binance
2024-02-07,44349.6,0.3605,binance
2024-02-08,45288.65,0.3708,binance
2024-02-09,47132.77,0.3921,binance
2024-02-10,47751.09,0.399,binance
2024-02-11,48299.99,0.405,binance
2024-02-12,49917.27,0.4231,binance
2024-02-13,49699.59,0.4201,binance
2024-02-14,51795.17,0.4421,binance
2024-02-15,51880.0,0.4424,binance
2024-02-16,52124.11,0.4443,binance
2024-02-17,51642.64,0.439,binance
2024-02-18,52137.67,0.4435,binance
2024-02-19,51774.73,0.4394,binance
2024-02-20,52258.82,0.4438,binance
2024-02-21,51849.39,0.4391,binance
2024-02-22,51288.42,0.4329,binance
2024-02-23,50744.15,0.4265,binance
2024-02-24,51568.22,0.4348,binance
2024-02-25,51728.85,0.4359,binance
2024-02-26,54476.47,0.4613,binance
2024-02-27,57037.34,0.4803,binance
2024-02-28,62432.1,0.5084,binance
2024-02-29,61130.98,0.5023,binance
2024-03-01,62387.9,0.5076,binance
2024-03-02,61987.28,0.5057,binance
2024-03-03,63113.97,0.5102,binance
2024-03-04,68245.71,0.5312,binance
2024-03-05,63724.01,0.5123,binance
2024-03-06,66074.04,0.5214,binance
2024-03-07,66823.17,0.5242,binance
2024-03-08,68124.19,0.5296,binance
2024-03-09,68313.27,0.5301,binance
2024-03-10,68955.88,0.5327,binance
2024-03-11,72078.1,0.5485,binance
2024-03-12,71452.01,0.5446,binance
2024-03-13,73072.41,0.5537,binance
2024-03-14,71388.94,0.5435,binance
2024-03-15,69499.85,0.5337,binance
2024-03-16,65300.63,0.516,binance
2024-03-17,68393.48,0.5282,binance
2024-03-18,67609.99,0.5247,binance
2024-03-19,61937.4,0.501,binance
2024-03-20,67840.51,0.5251,binance
2024-03-21,65501.27,0.5155,binance
2024-03-22,63796.64,0.5083,binance
2024-03-23,63990.01,0.5089,binance
2024-03-24,67209.99,0.5215,binance
2024-03-25,69880.01,0.5325,binance
2024-03-26,69988.0,0.5327,binance
2024-03-27,69469.99,0.5301,binance
2024-03-28,70780.6,0.5358,binance
2024-03-29,69850.54,0.5312,binance
2024-03-30,69582.18,0.5297,binance
2024-03-31,71280.01,0.5372,binance
2024-04-01,69649.8,0.5295,binance
2024-04-02,65463.99,0.5125,binance
2024-04-03,65963.28,0.5142,binance
2024-04-04,68487.79,0.5239,binance
2024-04-05,67820.62,0.521,binance
2024-04-06,68896.0,0.525,binance
2024-04-07,69360.39,0.5266,binance
2024-04-08,71620.0,0.5363,binance
2024-04-09,69146.0,0.5252,binance
2024-04-10,70631.08,0.5312,binance
2024-04-11,70006.23,0.5283,binance
2024-04-12,67116.52,0.5165,binance
2024-04-13,63924.51,0.5034,binance
2024-04-14,65661.84,0.5103,binance
2024-04-15,63419.99,0.5006,binance
2024-04-16,63793.39,0.502,binance
2024-04-17,61277.37,0.4893,binance
2024-04-18,63470.08,0.5,binance
2024-04-19,63818.01,0.5013,binance
2024-04-20,64940.59,0.5059,binance
2024-04-21,64941.15,0.5057,binance
2024-04-22,66819.32,0.513,binance
2024-04-23,66414.0,0.5112,binance
2024-04-24,64289.59,0.5021,binance
2024-04-25,64498.34,0.5028,binance
2024-04-26,63770.01,0.4993,binance
2024-04-27,63461.98,0.4975,binance
2024-04-28,63118.62,0.4956,binance
2024-04-29,63866.0,0.4989,binance
2024-04-30,60672.0,0.4815,binance
2024-05-01,58364.97,0.4652,binance
2024-05-02,59060.61,0.47,binance
2024-05-03,62882.01,0.4929,binance
2024-05-04,63892.04,0.4976,binance
2024-05-05,64012.0,0.4979,binance
2024-05-06,63165.19,0.4935,binance
2024-05-07,62312.08,0.4887,binance
2024-05-08,61193.03,0.4819,binance
2024-05-09,63074.01,0.4921,binance
2024-05-10,60799.99,0.4787,binance
2024-05-11,60825.99,0.4785,binance
2024-05-12,61483.99,0.4823,binance
2024-05-13,62940.08,0.4902,binance
2024-05-14,61577.49,0.4822,binance
2024-05-15,66206.5,0.5049,binance
2024-05-16,65235.21,0.5005,binance
2024-05-17,67024.0,0.5077,binance
2024-05-18,66915.2,0.507,binance
2024-05-19,66274.01,0.5042,binance
2024-05-20,71446.62,0.5238,binance
2024-05-21,70148.34,0.5187,binance
2024-05-22,69166.62,0.5148,binance
2024-05-23,67969.65,0.51,binance
2024-05-24,68549.99,0.512,binance
2024-05-25,69290.57,0.5145,binance
2024-05-26,68507.67,0.5113,binance
2024-05-27,69436.43,0.5146,binance
2024-05-28,68398.39,0.5104,binance
2024-05-29,67652.42,0.5073,binance
2024-05-30,68352.17,0.5098,binance
2024-05-31,67540.01,0.5064,binance
2024-06-01,67766.85,0.5069,binance
2024-06-02,67765.63,0.5067,binance
2024-06-03,68809.9,0.5105,binance
2024-06-04,70537.84,0.5167,binance
2024-06-05,71108.0,0.5186,binance
2024-06-06,70799.06,0.5173,binance
2024-06-07,69355.6,0.5117,binance
2024-06-08,69310.46,0.5112,binance
2024-06-09,69648.14,0.5122,binance
2024-06-10,69540.0,0.5116,binance
2024-06-11,67314.24,0.5026,binance
2024-06-12,68263.99,0.5062,binance
2024-06-13,66773.01,0.4997,binance
2024-06-14,66043.99,0.4962,binance
2024-06-15,66228.25,0.4967,binance
2024-06-16,66676.87,0.4986,binance
2024-06-17,66504.33,0.4974,binance
2024-06-18,65175.32,0.4909,binance
2024-06-19,64974.37,0.4895,binance
2024-06-20,64869.99,0.4886,binance
2024-06-21,64143.56,0.4843,binance
2024-06-22,64262.01,0.4847,binance
2024-06-23,63210.01,0.4781,binance
2024-06-24,60293.3,0.4574,binance
2024-06-25,61806.01,0.4681,binance
2024-06-26,60864.99,0.4609,binance
2024-06-27,61706.47,0.4666,binance
2024-06-28,60427.84,0.4567,binance
2024-06-29,60986.68,0.4605,binance
2024-06-30,62772.01,0.4728,binance
2024-07-01,62899.99,0.4733,binance
2024-07-02,62135.47,0.4677,binance
2024-07-03,60208.58,0.4526,binance
2024-07-04,57050.01,0.4238,binance
2024-07-05,56628.79,0.4191,binance
2024-07-06,58230.13,0.434,binance
2024-07-07,55857.81,0.4103,binance
2024-07-08,56714.62,0.4184,binance
2024-07-09,58050.0,0.4309,binance
2024-07-10,57725.85,0.4272,binance
2024-07-11,57339.89,0.4231,binance
2024-07-12,57889.1,0.4278,binance
2024-07-13,59204.02,0.4394,binance
2024-07-14,60797.91,0.4525,binance
2024-07-15,64724.14,0.4795,binance
2024-07-16,65043.99,0.4811,binance
2024-07-17,64087.99,0.4749,binance
2024-07-18,63987.92,0.4739,binance
2024-07-19,66660.0,0.4889,binance
2024-07-20,67139.96,0.491,binance
2024-07-21,68165.34,0.4955,binance
2024-07-22,67532.01,0.4923,binance
2024-07-23,65936.01,0.4838,binance
2024-07-24,65376.0,0.4803,binance
2024-07-25,65799.95,0.4823,binance
2024-07-26,67907.99,0.4929,binance
2024-07-27,67896.5,0.4925,binance
2024-07-28,68249.88,0.4939,binance
2024-07-29,66784.69,0.4863,binance
2024-07-30,66188.0,0.4828,binance
2024-07-31,64628.0,0.4731,binance
2024-08-01,65354.02,0.4773,binance
2024-08-02,61498.33,0.4496,binance
2024-08-03,60697.99,0.4425,binance
2024-08-04,58161.0,0.4187,binance
2024-08-05,54018.81,0.3766,binance
2024-08-06,56022.01,0.3964,binance
2024-08-07,55134.16,0.3869,binance
2024-08-08,61685.99,0.4484,binance
2024-08-09,60837.99,0.4408,binance
2024-08-10,60923.51,0.4411,binance
2024-08-11,58712.59,0.4205,binance
2024-08-12,59346.64,0.426,binance
2024-08-13,60587.15,0.4367,binance
2024-08-14,58683.39,0.4187,binance
2024-08-15,57541.06,0.407,binance
2024-08-16,58874.6,0.4195,binance
2024-08-17,59491.99,0.4248,binance
2024-08-18,58427.35,0.4142,binance
2024-08-19,59438.5,0.4233,binance
2024-08-20,59013.8,0.4188,binance
2024-08-21,61156.03,0.4379,binance
2024-08-22,60375.84,0.4304,binance
2024-08-23,64037.24,0.4599,binance
2024-08-24,64157.01,0.4604,binance
2024-08-25,64220.0,0.4604,binance
2024-08-26,62834.0,0.4495,binance
2024-08-27,59415.0,0.419,binance
2024-08-28,59034.9,0.4149,binance
2024-08-29,59359.01,0.4175,binance
2024-08-30,59123.99,0.4147,binance
2024-08-31,58973.99,0.4128,binance
2024-09-01,57301.86,0.3959,binance
2024-09-02,59132.13,0.4132,binance
2024-09-03,57487.73,0.3967,binance
2024-09-04,57970.9,0.4009,binance
2024-09-05,56180.0,0.3827,binance
2024-09-06,53962.97,0.361,binance
2024-09-07,54160.86,0.3624,binance
2024-09-08,54869.95,0.3686,binance
2024-09-09,57042.0,0.3892,binance
2024-09-10,57635.99,0.3946,binance
2024-09-11,57338.0,0.3911,binance
2024-09-12,58132.32,0.3984,binance
2024-09-13,60498.0,0.4205,binance
2024-09-14,59993.03,0.4153,binance
2024-09-15,59132.0,0.4066,binance
2024-09-16,58213.99,0.3972,binance
2024-09-17,60313.99,0.4168,binance
2024-09-18,61759.99,0.4295,binance
2024-09-19,62947.99,0.4393,binance
2024-09-20,63201.05,0.4409,binance
2024-09-21,63348.96,0.4417,binance
2024-09-22,63578.76,0.4431,binance
2024-09-23,63339.99,0.4406,binance
2024-09-24,64262.7,0.4476,binance
2024-09-25,63152.01,0.4381,binance
2024-09-26,65173.99,0.4537,binance
2024-09-27,65769.95,0.4576,binance
2024-09-28,65858.0,0.4579,binance
2024-09-29,65602.01,0.4556,binance
2024-09-30,63327.59,0.4372,binance
2024-10-01,60805.78,0.4143,binance
2024-10-02,60649.28,0.4123,binance
2024-10-03,60752.71,0.4128,binance
2024-10-04,62086.0,0.4245,binance
2024-10-05,62058.0,0.4237,binance
2024-10-06,62819.91,0.43,binance
2024-10-07,62224.0,0.4242,binance
2024-10-08,62160.49,0.4231,binance
2024-10-09,60636.02,0.4086,binance
2024-10-10,60326.39,0.4051,binance
2024-10-11,62540.0,0.425,binance
2024-10-12,63206.22,0.4304,binance
2024-10-13,62870.02,0.4269,binance
2024-10-14,66083.99,0.4526,binance
2024-10-15,67074.14,0.4593,binance
2024-10-16,67620.01,0.4626,binance
2024-10-17,67421.78,0.4608,binance
2024-10-18,68428.0,0.4671,binance
2024-10-19,68378.0,0.4664,binance
2024-10-20,69031.99,0.4701,binance
2024-10-21,67377.5,0.4589,binance
2024-10-22,67426.0,0.4588,binance
2024-10-23,66668.65,0.4529,binance
2024-10-24,68198.28,0.4632,binance
2024-10-25,66698.33,0.4523,binance
2024-10-26,67092.76,0.4547,binance
2024-10-27,68021.7,0.4608,binance
2024-10-28,69962.21,0.4727,binance
2024-10-29,72736.42,0.4872,binance
2024-10-30,72344.74,0.485,binance
2024-10-31,70292.01,0.4736,binance
2024-11-01,69496.01,0.4684,binance
2024-11-02,69374.74,0.4672,binance
2024-11-03,68775.99,0.463,binance
2024-11-04,67850.01,0.4562,binance
2024-11-05,69372.01,0.4661,binance
2024-11-06,75571.99,0.4973,binance
2024-11-07,75857.89,0.4982,binance
2024-11-08,76509.78,0.5004,binance
2024-11-09,76677.46,0.5007,binance
2024-11-10,80370.01,0.5132,binance
2024-11-11,88647.99,0.5419,binance
2024-11-12,87952.01,0.5387,binance
2024-11-13,90375.2,0.5489,binance
2024-11-14,87325.59,0.5356,binance
2024-11-15,91032.07,0.5513,binance
2024-11-16,90586.92,0.5487,binance
2024-11-17,89855.99,0.5451,binance
2024-11-18,90464.08,0.5474,binance
2024-11-19,92310.79,0.5561,binance
2024-11-20,94286.56,0.5666,binance
2024-11-21,98317.12,0.5929,binance
2024-11-22,98892.0,0.5966,binance
2024-11-23,97672.4,0.5869,binance
2024-11-24,97900.04,0.5879,binance
2024-11-25,93010.01,0.5571,binance
2024-11-26,91965.16,0.5514,binance
2024-11-27,95863.11,0.5725,binance
2024-11-28,95643.98,0.5706,binance
2024-11-29,97460.0,0.5817,binance
2024-11-30,96407.99,0.5743,binance
2024-12-01,97185.18,0.5788,binance
2024-12-02,95840.62,0.5697,binance
2024-12-03,95849.69,0.5692,binance
2024-12-04,98587.32,0.5866,binance
2024-12-05,96945.63,0.575,binance
2024-12-06,99740.84,0.5937,binance
2024-12-07,99831.99,0.5937,binance
2024-12-08,101109.59,0.6028,binance
2024-12-09,97276.47,0.5749,binance
2024-12-10,96593.0,0.5701,binance
2024-12-11,101125.0,0.6007,binance
2024-12-12,100004.29,0.5916,binance
2024-12-13,101424.25,0.6017,binance
2024-12-14,101420.0,0.601,binance
2024-12-15,104463.99,0.6256,binance
2024-12-16,106058.66,0.6393,binance
2024-12-17,106133.74,0.6392,binance
2024-12-18,100204.01,0.5892,binance
2024-12-19,97461.86,0.5707,binance
2024-12-20,97805.44,0.5722,binance
2024-12-21,97291.99,0.5687,binance
2024-12-22,95186.27,0.5567,binance
2024-12-23,94881.47,0.5547,binance
2024-12-24,98663.58,0.5754,binance
2024-12-25,99429.6,0.5798,binance
2024-12-26,95791.6,0.5581,binance
2024-12-27,94299.03,0.5503,binance
2024-12-28,95300.0,0.5547,binance
2024-12-29,93738.2,0.5471,binance
2024-12-30,92792.05,0.5427,binance
2024-12-31,93576.0,0.5457,binance
2025-01-01,94591.79,0.5497,binance
2025-01-02,96984.79,0.5611,binance
2025-01-03,98174.18,0.5672,binance
2025-01-04,98220.5,0.567,binance
2025-01-05,98363.61,0.5673,binance
2025-01-06,102235.6,0.5916,binance
2025-01-07,96954.61,0.5588,binance
2025-01-08,95060.61,0.5492,binance
2025-01-09,92552.49,0.5385,binance
2025-01-10,94726.11,0.5471,binance
2025-01-11,94599.99,0.5461,binance
2025-01-12,94545.06,0.5455,binance
2025-01-13,94536.1,0.5451,binance
2025-01-14,96560.86,0.5538,binance
2025-01-15,100497.35,0.5748,binance
2025-01-16,99987.3,0.5712,binance
2025-01-17,104077.48,0.5977,binance
2025-01-18,104556.23,0.6005,binance
2025-01-19,101331.57,0.5777,binance
2025-01-20,102260.01,0.5831,binance
2025-01-21,106143.82,0.6107,binance
2025-01-22,103706.66,0.5917,binance
2025-01-23,103910.34,0.5925,binance
2025-01-24,104870.5,0.5988,binance
2025-01-25,104746.85,0.5972,binance
2025-01-26,102620.0,0.5819,binance
2025-01-27,102082.83,0.5779,binance
2025-01-28,101335.52,0.5728,binance
2025-01-29,103733.24,0.5874,binance
2025-01-30,104722.94,0.5937,binance
2025-01-31,102429.56,0.5778,binance
2025-02-01,100635.65,0.5668,binance
2025-02-02,97700.59,0.5516,binance
2025-02-03,101328.52,0.5697,binance
2025-02-04,97763.13,0.5511,binance
2025-02-05,96612.43,0.5457,binance
2025-02-06,96554.35,0.5451,binance
2025-02-07,96506.8,0.5446,binance
2025-02-08,96444.74,0.544,binance
2025-02-09,96462.75,0.5437,binance
2025-02-10,97430.82,0.5473,binance
2025-02-11,95778.2,0.5403,binance
2025-02-12,97869.99,0.5485,binance
2025-02-13,96608.14,0.5429,binance
2025-02-14,97500.48,0.5462,binance
2025-02-15,97569.66,0.5461,binance
2025-02-16,96118.12,0.54,binance
2025-02-17,95780.0,0.5385,binance
2025-02-18,95671.74,0.5377,binance
2025-02-19,96644.37,0.5411,binance
2025-02-20,98305.0,0.5474,binance
2025-02-21,96181.98,0.5387,binance
2025-02-22,96551.01,0.5398,binance
2025-02-23,96258.0,0.5384,binance
2025-02-24,91552.88,0.5228,binance
2025-02-25,88680.4,0.5141,binance
2025-02-26,84250.09,0.5001,binance
2025-02-27,84708.58,0.5014,binance
2025-02-28,84349.94,0.5,binance
2025-03-01,86064.53,0.5054,binance
2025-03-02,94270.0,0.5296,binance
2025-03-03,86220.61,0.5054,binance
2025-03-04,87281.98,0.5084,binance
2025-03-05,90606.01,0.5179,binance
2025-03-06,89931.89,0.5158,binance
2025-03-07,86801.75,0.5063,binance
2025-03-08,86222.45,0.5042,binance
2025-03-09,80734.37,0.483,binance
2025-03-10,78595.86,0.4722,binance
2025-03-11,82932.99,0.4917,binance
2025-03-12,83680.12,0.4943,binance
2025-03-13,81115.78,0.4834,binance
2025-03-14,83983.2,0.4949,binance
2025-03-15,84338.44,0.496,binance
2025-03-16,82574.53,0.4888,binance
2025-03-17,84010.03,0.4942,binance
2025-03-18,82715.03,0.4888,binance
2025-03-19,86845.94,0.5035,binance
2025-03-20,84223.39,0.4942,binance
2025-03-21,84088.79,0.4934,binance
2025-03-22,83840.59,0.4921,binance
2025-03-23,86082.5,0.5,binance
2025-03-24,87498.16,0.5044,binance
2025-03-25,87392.87,0.5038,binance
2025-03-26,86909.17,0.502,binance
2025-03-27,87232.01,0.5028,binance
2025-03-28,84424.38,0.4927,binance
2025-03-29,82648.54,0.4852,binance
2025-03-30,82389.99,0.4837,binance
2025-03-31,82550.01,0.4841,binance
2025-04-01,85158.34,0.4944,binance
2025-04-02,82516.29,0.4833,binance
2025-04-03,83213.09,0.486,binance
2025-04-04,83889.87,0.4886,binance
2025-04-05,83537.99,0.4868,binance
2025-04-06,78430.0,0.4609,binance
2025-04-07,79163.24,0.4647,binance
2025-04-08,76322.42,0.4468,binance
2025-04-09,82615.22,0.4816,binance
2025-04-10,79607.3,0.466,binance
2025-04-11,83423.84,0.4845,binance
2025-04-12,85276.9,0.4917,binance
2025-04-13,83760.0,0.4853,binance
2025-04-14,84591.58,0.4884,binance
2025-04-15,83643.99,0.4842,binance
2025-04-16,84030.38,0.4855,binance
2025-04-17,84947.91,0.489,binance
2025-04-18,84474.69,0.4867,binance
2025-04-19,85077.01,0.4889,binance
2025-04-20,85179.24,0.489,binance
2025-04-21,87516.23,0.4974,binance
2025-04-22,93442.99,0.5151,binance
2025-04-23,93691.08,0.5155,binance
2025-04-24,93980.47,0.5161,binance
2025-04-25,94638.68,0.5177,binance
2025-04-26,94628.0,0.5174,binance
2025-04-27,93749.3,0.5148,binance
2025-04-28,95011.18,0.5181,binance
2025-04-29,94256.82,0.5157,binance
2025-04-30,94172.0,0.5153,binance
2025-05-01,96489.91,0.5215,binance
2025-05-02,96887.14,0.5223,binance
2025-05-03,95856.42,0.5192,binance
2025-05-04,94277.62,0.5147,binance
2025-05-05,94733.68,0.5157,binance
2025-05-06,96834.02,0.5212,binance
2025-05-07,97030.5,0.5215,binance
2025-05-08,103261.6,0.5404,binance
2025-05-09,102971.99,0.5391,binance
2025-05-10,104809.53,0.5454,binance
2025-05-11,104118.0,0.5425,binance
2025-05-12,102791.32,0.5376,binance
2025-05-13,104103.72,0.5418,binance
2025-05-14,103507.82,0.5394,binance
2025-05-15,103763.71,0.54,binance
2025-05-16,103463.9,0.5387,binance
2025-05-17,103126.65,0.5372,binance
2025-05-18,106454.26,0.549,binance
2025-05-19,105573.74,0.5452,binance
2025-05-20,106849.99,0.5499,binance
2025-05-21,109643.99,0.5617,binance
2025-05-22,111696.21,0.5716,binance
2025-05-23,107318.3,0.5507,binance
2025-05-24,107761.91,0.5521,binance
2025-05-25,109004.19,0.557,binance
2025-05-26,109434.79,0.5586,binance
2025-05-27,108938.17,0.5559,binance
2025-05-28,107781.78,0.5507,binance
2025-05-29,105589.75,0.5419,binance
2025-05-30,103985.48,0.5362,binance
2025-05-31,104591.88,0.5379,binance
2025-06-01,105642.93,0.5411,binance
2025-06-02,105857.99,0.5416,binance
2025-06-03,105376.89,0.5396,binance
2025-06-04,104696.86,0.537,binance
2025-06-05,101508.68,0.5271,binance
2025-06-06,104288.44,0.5352,binance
2025-06-07,105552.15,0.539,binance
2025-06-08,105734.0,0.5393,binance
2025-06-09,110263.02,0.5563,binance
2025-06-10,110274.39,0.556,binance
2025-06-11,108645.12,0.5489,binance
2025-06-12,105671.73,0.5378,binance
2025-06-13,106066.59,0.5388,binance
2025-06-14,105414.64,0.5365,binance
2025-06-15,105594.01,0.5367,binance
2025-06-16,106794.53,0.5404,binance
2025-06-17,104551.17,0.5329,binance
2025-06-18,104886.78,0.5337,binance
2025-06-19,104658.59,0.5327,binance
2025-06-20,103297.99,0.5284,binance
2025-06-21,102120.01,0.5249,binance
2025-06-23,105333.93,0.5336,binance
2025-06-24,106083.0,0.5356,binance
2025-06-25,107340.58,0.5394,binance
2025-06-26,106947.06,0.5379,binance
2025-06-27,107047.59,0.5378,binance
2025-06-28,107296.79,0.5384,binance
2025-06-29,108356.93,0.5416,binance
2025-06-30,107146.5,0.5373,binance
2025-07-01,105681.14,0.5325,binance
2025-07-02,108849.6,0.5424,binance
2025-07-03,109584.78,0.5447,binance
2025-07-04,107984.24,0.5388,binance
2025-07-05,108198.12,0.5392,binance
2025-07-06,109203.84,0.5423,binance
2025-07-07,108262.94,0.5388,binance
2025-07-08,108922.98,0.5407,binance
2025-07-09,111233.99,0.5486,binance
2025-07-10,116010.0,0.5691,binance
2025-07-11,117527.66,0.5763,binance
2025-07-12,117420.0,0.5752,binance
2025-07-13,119086.64,0.5838,binance
2025-07-14,119841.18,0.5876,binance
2025-07-15,117758.09,0.5754,binance
2025-07-16,118630.43,0.5796,binance
2025-07-17,119177.56,0.582,binance
2025-07-18,117924.84,0.5747,binance
2025-07-19,117840.0,0.5737,binance
2025-07-20,117265.12,0.5703,binance
2025-07-21,117380.36,0.5704,binance
2025-07-22,119954.42,0.5835,binance
2025-07-23,118755.99,0.5764,binance
2025-07-24,118340.99,0.5737,binance
2025-07-25,117614.31,0.5695,binance
2025-07-26,117919.99,0.5706,binance
2025-07-27,119415.55,0.5778,binance
2025-07-28,118062.32,0.5703,binance
2025-07-29,117950.76,0.5692,binance
2025-07-30,117840.3,0.5682,binance
2025-07-31,115764.08,0.5584,binance
2025-08-01,113297.93,0.5481,binance
2025-08-02,112546.35,0.5451,binance
2025-08-03,114208.8,0.5508,binance
2025-08-04,115055.03,0.5538,binance
2025-08-05,114129.75,0.5498,binance
2025-08-06,114992.27,0.5527,binance
2025-08-07,117472.01,0.5628,binance
2025-08-08,116674.74,0.5588,binance
2025-08-09,116462.25,0.5575,binance
2025-08-10,119294.01,0.5698,binance
2025-08-11,118686.0,0.5665,binance
2025-08-12,120134.08,0.573,binance
2025-08-13,123306.43,0.5896,binance
2025-08-14,118295.09,0.5633,binance
2025-08-15,117342.05,0.5587,binance
2025-08-16,117380.66,0.5584,binance
2025-08-17,117405.01,0.5581,binance
2025-08-18,116227.05,0.5529,binance
2025-08-19,112872.94,0.5406,binance
2025-08-20,114271.24,0.545,binance
2025-08-21,112500.0,0.5388,binance
2025-08-22,116935.99,0.5542,binance
2025-08-23,115438.05,0.5481,binance
2025-08-24,113493.59,0.541,binance
2025-08-25,110111.98,0.5306,binance
2025-08-26,111763.22,0.5351,binance
2025-08-27,111262.01,0.5334,binance
2025-08-28,112566.9,0.5369,binance
2025-08-29,108377.4,0.525,binance
2025-08-30,108816.33,0.5259,binance
2025-08-31,108246.35,0.5242,binance
2025-09-01,109237.42,0.5265,binance
2025-09-02,111240.01,0.5317,binance
2025-09-03,111705.71,0.5327,binance
2025-09-04,110730.87,0.5297,binance
2025-09-05,110659.99,0.5293,binance
2025-09-06,110187.97,0.5278,binance
2025-09-07,111137.34,0.5301,binance
2025-09-08,112065.23,0.5324,binance
2025-09-09,111546.39,0.5307,binance
2025-09-10,113960.0,0.5374,binance
2025-09-11,115482.69,0.5418,binance
2025-09-12,116029.42,0.5433,binance
2025-09-13,115918.29,0.5426,binance
2025-09-14,115268.01,0.5402,binance
2025-09-15,115349.71,0.5401,binance
2025-09-16,116788.96,0.5446,binance
2025-09-17,116447.59,0.543,binance
2025-09-18,117073.53,0.5448,binance
2025-09-19,115632.38,0.5398,binance
2025-09-20,115685.63,0.5397,binance
2025-09-21,115232.29,0.538,binance
2025-09-22,112650.99,0.5304,binance
2025-09-23,111998.8,0.5284,binance
2025-09-24,113307.0,0.5316,binance
2025-09-25,108994.49,0.5203,binance
2025-09-26,109643.46,0.5216,binance
2025-09-27,109635.85,0.5215,binance
2025-09-28,112163.95,0.5276,binance
2025-09-29,114311.96,0.533,binance
2025-09-30,114048.93,0.5321,binance
2025-10-01,118594.99,0.5456,binance
2025-10-02,120529.35,0.5521,binance
2025-10-03,122232.0,0.5583,binance
2025-10-04,122391.0,0.5585,binance
2025-10-05,123482.31,0.5626,binance
2025-10-06,124658.54,0.5673,binance
2025-10-07,121332.95,0.5532,binance
2025-10-08,123306.0,0.5606,binance
2025-10-09,121662.4,0.5536,binance
2025-10-10,112774.5,0.5262,binance
2025-10-11,110644.4,0.5207,binance
2025-10-12,114958.8,0.5314,binance
2025-10-13,115166.0,0.5317,binance
2025-10-14,113028.14,0.5259,binance
2025-10-15,110763.28,0.5201,binance
2025-10-16,108194.28,0.5138,binance
2025-10-17,106431.68,0.5093,binance
2025-10-18,107185.01,0.5109,binance
2025-10-19,108642.78,0.5142,binance
2025-10-20,110532.09,0.5185,binance
2025-10-21,108297.67,0.513,binance
2025-10-22,107567.44,0.511,binance
2025-10-23,110078.18,0.5167,binance
2025-10-24,111004.89,0.5188,binance
2025-10-25,111646.27,0.52,binance
2025-10-26,114559.4,0.5268,binance
2025-10-27,114107.65,0.5255,binance
2025-10-28,112898.45,0.5223,binance
2025-10-29,110021.29,0.5153,binance
2025-10-30,108322.88,0.511,binance
2025-10-31,109608.01,0.5139,binance
2025-11-01,110098.1,0.5148,binance
2025-11-02,110540.68,0.5157,binance
2025-11-03,106583.04,0.5058,binance
2025-11-04,101497.22,0.491,binance
2025-11-05,103885.16,0.4981,binance
2025-11-06,101346.04,0.49,binance
2025-11-07,103339.08,0.4959,binance
2025-11-08,102312.94,0.4926,binance
2025-11-09,104722.96,0.4994,binance
2025-11-10,106011.13,0.5027,binance
2025-11-11,103058.99,0.4941,binance
2025-11-12,101654.37,0.4893,binance
2025-11-13,99692.02,0.4821,binance
2025-11-14,94594.0,0.4597,binance
2025-11-15,95596.24,0.4642,binance
2025-11-16,94261.44,0.4573,binance
2025-11-17,92215.14,0.4461,binance
2025-11-18,92960.83,0.4497,binance
2025-11-19,91554.96,0.4415,binance
2025-11-20,86637.23,0.4106,binance
2025-11-21,85129.43,0.4001,binance
2025-11-22,84739.74,0.3971,binance
2025-11-23,86830.0,0.4105,binance
2025-11-24,88300.01,0.4195,binance
2025-11-25,87369.96,0.4131,binance
2025-11-26,90484.02,0.4321,binance
2025-11-27,91333.95,0.4367,binance
2025-11-28,90890.7,0.4336,binance
2025-11-29,90802.44,0.4326,binance
2025-11-30,90360.0,0.4295,binance
2025-12-01,86286.01,0.4031,binance
2025-12-02,91277.88,0.4341,binance
2025-12-03,93429.95,0.4459,binance
2025-12-04,92078.06,0.4379,binance
2025-12-05,89330.04,0.4208,binance
2025-12-06,89236.79,0.4198,binance
2025-12-07,90395.31,0.4265,binance
2025-12-08,90634.34,0.4275,binance
2025-12-09,92678.8,0.4391,binance
2025-12-10,92015.37,0.4348,binance
2025-12-11,92513.38,0.4373,binance
2025-12-12,90268.42,0.4234,binance
2025-12-13,90240.01,0.4228,binance
2025-12-14,88172.17,0.4092,binance
2025-12-15,86432.08,0.3974,binance
2025-12-16,87863.42,0.4062,binance
2025-12-17,86243.22,0.3952,binance
2025-12-18,85516.41,0.3899,binance
2025-12-19,88136.94,0.4066,binance
2025-12-20,88360.9,0.4076,binance
2025-12-21,88658.86,0.409,binance
2025-12-22,88620.79,0.4083,binance
2025-12-23,87486.0,0.4004,binance
2025-12-24,87669.45,0.4012,binance
2025-12-25,87225.27,0.3978,binance
2025-12-26,87369.56,0.3983,binance
2025-12-27,87877.01,0.4011,binance
2025-12-28,87952.71,0.4011,binance
2025-12-29,87237.13,0.3959,binance
2025-12-30,88485.49,0.4036,binance
2025-12-31,87648.22,0.3977,binance
2026-01-01,88839.04,0.4049,binance
2026-01-02,89995.13,0.4118,binance
2026-01-03,90628.01,0.4154,binance
2026-01-04,91529.73,0.4204,binance
2026-01-05,93859.71,0.4339,binance
2026-01-06,93747.97,0.4327,binance
2026-01-07,91364.16,0.418,binance
2026-01-08,91099.99,0.4159,binance
2026-01-09,90641.28,0.4126,binance
2026-01-10,90504.7,0.4112,binance
2026-01-11,91013.65,0.414,binance
2026-01-12,91296.2,0.4152,binance
2026-01-13,94479.97,0.4338,binance
